ID;sex;age;race;marital-status;education;native-country;workclass;occupation;salary-class
0;Male;39;White;Never-married;Bachelors;United-States;State-gov;Adm-clerical;<=50K
1;Male;50;White;Married-civ-spouse;Bachelors;United-States;Self-emp-not-inc;Exec-managerial;<=50K
2;Male;38;White;Divorced;HS-grad;United-States;Private;Handlers-cleaners;<=50K
3;Male;53;Black;Married-civ-spouse;11th;United-States;Private;Handlers-cleaners;<=50K
4;Female;28;Black;Married-civ-spouse;Bachelors;Cuba;Private;Prof-specialty;<=50K
5;Female;37;White;Married-civ-spouse;Masters;United-States;Private;Exec-managerial;<=50K
6;Female;49;Black;Married-spouse-absent;9th;Jamaica;Private;Other-service;<=50K
7;Male;52;White;Married-civ-spouse;HS-grad;United-States;Self-emp-not-inc;Exec-managerial;>50K
8;Female;31;White;Never-married;Masters;United-States;Private;Prof-specialty;>50K
9;Male;42;White;Married-civ-spouse;Bachelors;United-States;Private;Exec-managerial;>50K
10;Male;37;Black;Married-civ-spouse;Some-college;United-States;Private;Exec-managerial;>50K
11;Male;30;Asian-Pac-Islander;Married-civ-spouse;Bachelors;India;State-gov;Prof-specialty;>50K
12;Female;23;White;Never-married;Bachelors;United-States;Private;Adm-clerical;<=50K
13;Male;32;Black;Never-married;Assoc-acdm;United-States;Private;Sales;<=50K
14;Male;34;Amer-Indian-Eskimo;Married-civ-spouse;7th-8th;Mexico;Private;Transport-moving;<=50K
15;Male;25;White;Never-married;HS-grad;United-States;Self-emp-not-inc;Farming-fishing;<=50K
16;Male;32;White;Never-married;HS-grad;United-States;Private;Machine-op-inspct;<=50K
17;Male;38;White;Married-civ-spouse;11th;United-States;Private;Sales;<=50K
18;Female;43;White;Divorced;Masters;United-States;Self-emp-not-inc;Exec-managerial;>50K
19;Male;40;White;Married-civ-spouse;Doctorate;United-States;Private;Prof-specialty;>50K
20;Female;54;Black;Separated;HS-grad;United-States;Private;Other-service;<=50K
21;Male;35;Black;Married-civ-spouse;9th;United-States;Federal-gov;Farming-fishing;<=50K
22;Male;43;White;Married-civ-spouse;11th;United-States;Private;Transport-moving;<=50K
23;Female;59;White;Divorced;HS-grad;United-States;Private;Tech-support;<=50K
24;Male;56;White;Married-civ-spouse;Bachelors;United-States;Local-gov;Tech-support;>50K
25;Male;19;White;Never-married;HS-grad;United-States;Private;Craft-repair;<=50K
26;Male;39;White;Divorced;HS-grad;United-States;Private;Exec-managerial;<=50K
27;Male;49;White;Married-civ-spouse;HS-grad;United-States;Private;Craft-repair;<=50K
28;Male;23;White;Never-married;Assoc-acdm;United-States;Local-gov;Protective-serv;<=50K
29;Male;20;Black;Never-married;Some-college;United-States;Private;Sales;<=50K
30;Male;45;White;Divorced;Bachelors;United-States;Private;Exec-managerial;<=50K
31;Male;30;White;Married-civ-spouse;Some-college;United-States;Federal-gov;Adm-clerical;<=50K
32;Male;22;Black;Married-civ-spouse;Some-college;United-States;State-gov;Other-service;<=50K
33;Male;48;White;Never-married;11th;Puerto-Rico;Private;Machine-op-inspct;<=50K
34;Male;21;White;Never-married;Some-college;United-States;Private;Machine-op-inspct;<=50K
35;Female;19;White;Married-AF-spouse;HS-grad;United-States;Private;Adm-clerical;<=50K
36;Male;48;White;Married-civ-spouse;Assoc-acdm;United-States;Self-emp-not-inc;Prof-specialty;<=50K
37;Male;31;White;Married-civ-spouse;9th;United-States;Private;Machine-op-inspct;<=50K
38;Male;53;White;Married-civ-spouse;Bachelors;United-States;Self-emp-not-inc;Prof-specialty;<=50K
39;Male;24;White;Married-civ-spouse;Bachelors;United-States;Private;Tech-support;<=50K
40;Female;49;White;Separated;HS-grad;United-States;Private;Adm-clerical;<=50K
41;Male;25;White;Never-married;HS-grad;United-States;Private;Handlers-cleaners;<=50K
42;Male;57;Black;Married-civ-spouse;Bachelors;United-States;Federal-gov;Prof-specialty;>50K
43;Male;53;White;Married-civ-spouse;HS-grad;United-States;Private;Machine-op-inspct;<=50K
44;Female;44;White;Divorced;Masters;United-States;Private;Exec-managerial;<=50K
45;Male;41;White;Married-civ-spouse;Assoc-voc;United-States;State-gov;Craft-repair;<=50K
46;Male;29;White;Never-married;Assoc-voc;United-States;Private;Prof-specialty;<=50K
47;Female;25;Other;Married-civ-spouse;Some-college;United-States;Private;Exec-managerial;<=50K
48;Female;47;White;Married-civ-spouse;Prof-school;Honduras;Private;Prof-specialty;>50K
49;Male;50;White;Divorced;Bachelors;United-States;Federal-gov;Exec-managerial;>50K
50;Male;47;White;Divorced;HS-grad;United-States;Self-emp-inc;Exec-managerial;<=50K
51;Male;43;White;Married-civ-spouse;Some-college;United-States;Private;Tech-support;>50K
52;Male;46;White;Married-civ-spouse;5th-6th;Mexico;Private;Machine-op-inspct;<=50K
53;Male;35;White;Married-civ-spouse;Assoc-voc;Puerto-Rico;Private;Other-service;<=50K
54;Male;41;White;Married-civ-spouse;HS-grad;United-States;Private;Adm-clerical;<=50K
55;Male;30;White;Married-civ-spouse;HS-grad;United-States;Private;Machine-op-inspct;<=50K
56;Male;30;White;Married-civ-spouse;Bachelors;United-States;Private;Sales;<=50K
57;Male;48;White;Married-civ-spouse;HS-grad;United-States;Private;Transport-moving;<=50K
58;Male;42;White;Married-civ-spouse;Doctorate;United-States;Private;Prof-specialty;>50K
59;Male;29;White;Divorced;Some-college;United-States;Private;Tech-support;<=50K
60;Male;36;White;Married-civ-spouse;HS-grad;United-States;Private;Craft-repair;<=50K
61;Female;28;White;Divorced;Some-college;United-States;Private;Adm-clerical;<=50K
62;Female;53;White;Married-civ-spouse;HS-grad;United-States;Private;Adm-clerical;>50K
63;Male;49;White;Married-civ-spouse;Some-college;United-States;Self-emp-inc;Exec-managerial;>50K
64;Male;19;White;Never-married;Some-college;United-States;Private;Prof-specialty;<=50K
65;Female;31;Black;Separated;Bachelors;United-States;Private;Sales;<=50K
66;Male;29;White;Married-civ-spouse;Bachelors;United-States;Self-emp-not-inc;Sales;>50K
67;Male;23;White;Never-married;Some-college;United-States;Private;Machine-op-inspct;<=50K
68;Male;79;White;Married-civ-spouse;Some-college;United-States;Private;Prof-specialty;<=50K
69;Male;27;White;Never-married;HS-grad;Mexico;Private;Other-service;<=50K
70;Male;40;White;Married-civ-spouse;Assoc-acdm;United-States;Private;Adm-clerical;<=50K
71;Female;18;White;Never-married;11th;United-States;Private;Other-service;<=50K
72;Male;31;White;Married-civ-spouse;7th-8th;United-States;Local-gov;Farming-fishing;<=50K
73;Male;18;White;Never-married;HS-grad;United-States;Private;Sales;<=50K
74;Male;52;White;Married-civ-spouse;Bachelors;Cuba;Private;Other-service;<=50K
75;Female;46;White;Married-civ-spouse;HS-grad;United-States;Private;Other-service;<=50K
76;Male;59;White;Married-civ-spouse;HS-grad;United-States;Private;Sales;<=50K
77;Female;44;White;Divorced;HS-grad;United-States;Private;Craft-repair;>50K
78;Female;53;White;Divorced;HS-grad;United-States;Private;Sales;<=50K
79;Male;49;White;Married-civ-spouse;HS-grad;United-States;Local-gov;Protective-serv;>50K
80;Male;33;White;Married-civ-spouse;Masters;United-States;Private;Prof-specialty;<=50K
81;Male;30;White;Never-married;9th;United-States;Private;Sales;<=50K
82;Female;43;White;Never-married;Doctorate;United-States;Federal-gov;Prof-specialty;>50K
83;Male;57;White;Married-civ-spouse;Assoc-voc;United-States;Private;Prof-specialty;<=50K
84;Female;37;White;Divorced;Some-college;United-States;Private;Craft-repair;<=50K
85;Female;28;Black;Divorced;Some-college;United-States;Private;Machine-op-inspct;<=50K
86;Male;34;White;Married-civ-spouse;Bachelors;United-States;Local-gov;Protective-serv;>50K
87;Male;29;White;Never-married;Some-college;United-States;Local-gov;Handlers-cleaners;<=50K
88;Male;48;White;Married-civ-spouse;Doctorate;United-States;Self-emp-not-inc;Prof-specialty;>50K
89;Male;37;White;Married-civ-spouse;Some-college;United-States;Private;Sales;>50K
90;Female;48;White;Divorced;Assoc-acdm;England;Private;Exec-managerial;<=50K
91;Male;32;Black;Never-married;HS-grad;United-States;Federal-gov;Other-service;<=50K
92;Male;76;White;Married-civ-spouse;Masters;United-States;Private;Exec-managerial;>50K
93;Male;44;White;Married-civ-spouse;Bachelors;United-States;Private;Exec-managerial;>50K
94;Female;47;White;Never-married;Masters;United-States;Self-emp-not-inc;Prof-specialty;<=50K
95;Female;20;White;Never-married;Some-college;United-States;Private;Tech-support;<=50K
96;Male;29;White;Never-married;HS-grad;United-States;Private;Craft-repair;<=50K
97;Male;32;White;Married-civ-spouse;HS-grad;United-States;Self-emp-inc;Craft-repair;>50K
98;Male;30;White;Never-married;11th;United-States;Private;Handlers-cleaners;<=50K
99;Female;31;White;Never-married;HS-grad;United-States;Local-gov;Adm-clerical;<=50K
100;Male;42;White;Married-civ-spouse;HS-grad;United-States;Private;Handlers-cleaners;<=50K
101;Male;24;White;Never-married;Bachelors;United-States;Private;Sales;<=50K
102;Male;38;White;Married-civ-spouse;Prof-school;United-States;Private;Prof-specialty;>50K
103;Male;56;White;Married-civ-spouse;HS-grad;Canada;Self-emp-not-inc;Other-service;>50K
104;Female;28;White;Married-civ-spouse;Some-college;United-States;Private;Sales;<=50K
105;Female;36;White;Never-married;HS-grad;United-States;Private;Machine-op-inspct;<=50K
106;Male;53;White;Married-civ-spouse;9th;United-States;Private;Handlers-cleaners;<=50K
107;Male;56;White;Married-civ-spouse;Some-college;United-States;Self-emp-inc;Sales;<=50K
108;Male;49;Black;Married-civ-spouse;Assoc-voc;United-States;Local-gov;Craft-repair;>50K
109;Male;55;White;Married-civ-spouse;Some-college;United-States;Private;Sales;<=50K
110;Male;22;White;Never-married;HS-grad;United-States;Private;Craft-repair;<=50K
111;Female;21;White;Never-married;Some-college;United-States;Private;Other-service;<=50K
112;Male;40;White;Married-civ-spouse;Bachelors;United-States;Private;Exec-managerial;<=50K
113;Male;30;Black;Never-married;Bachelors;Germany;Private;Exec-managerial;<=50K
114;Male;29;White;Married-civ-spouse;Bachelors;United-States;State-gov;Prof-specialty;>50K
115;Male;19;Black;Never-married;Some-college;United-States;Private;Other-service;<=50K
116;Female;47;White;Married-civ-spouse;Bachelors;United-States;Private;Exec-managerial;>50K
117;Female;20;White;Never-married;Some-college;United-States;Private;Adm-clerical;<=50K
118;Male;31;White;Married-civ-spouse;Assoc-acdm;United-States;Private;Adm-clerical;>50K
119;Male;39;White;Divorced;Some-college;United-States;Private;Craft-repair;<=50K
120;Female;28;White;Never-married;Assoc-acdm;United-States;Private;Sales;<=50K
121;Female;24;White;Never-married;HS-grad;United-States;Private;Other-service;<=50K
122;Male;38;White;Married-civ-spouse;HS-grad;United-States;Self-emp-not-inc;Craft-repair;<=50K
123;Male;37;White;Married-civ-spouse;Bachelors;United-States;Private;Sales;<=50K
124;Female;46;Black;Divorced;Assoc-acdm;United-States;Private;Tech-support;<=50K
125;Male;38;White;Married-civ-spouse;Masters;Iran;Federal-gov;Prof-specialty;>50K
126;Male;43;White;Married-civ-spouse;HS-grad;United-States;Self-emp-not-inc;Craft-repair;<=50K
127;Female;27;White;Married-civ-spouse;Assoc-voc;United-States;Private;Adm-clerical;<=50K
128;Male;20;White;Never-married;Some-college;United-States;Private;Sales;<=50K
129;Male;49;Asian-Pac-Islander;Married-civ-spouse;Some-college;United-States;Private;Craft-repair;>50K
130;Male;61;White;Married-civ-spouse;HS-grad;United-States;Self-emp-inc;Craft-repair;<=50K
131;Female;27;White;Never-married;Some-college;United-States;Private;Sales;<=50K
132;Male;19;White;Never-married;Some-college;Mexico;Private;Other-service;<=50K
133;Female;45;White;Never-married;Assoc-voc;United-States;Private;Prof-specialty;>50K
134;Male;70;White;Never-married;Some-college;United-States;Private;Tech-support;<=50K
135;Female;31;Black;Never-married;HS-grad;United-States;Private;Transport-moving;<=50K
136;Male;22;White;Married-civ-spouse;Some-college;United-States;Private;Other-service;<=50K
137;Female;36;White;Widowed;HS-grad;United-States;Private;Other-service;<=50K
138;Male;64;White;Married-civ-spouse;11th;United-States;Private;Craft-repair;<=50K
139;Female;47;White;Divorced;Some-college;Mexico;Local-gov;Adm-clerical;<=50K
140;Female;34;White;Never-married;HS-grad;United-States;Private;Adm-clerical;<=50K
141;Female;33;Asian-Pac-Islander;Never-married;Bachelors;Philippines;Private;Exec-managerial;<=50K
142;Male;21;White;Never-married;HS-grad;United-States;Private;Craft-repair;<=50K
143;Male;48;White;Married-civ-spouse;HS-grad;United-States;Private;Craft-repair;<=50K
144;Male;23;White;Never-married;Bachelors;United-States;Private;Handlers-cleaners;<=50K
145;Male;71;Black;Separated;Some-college;United-States;Self-emp-not-inc;Sales;<=50K
146;Male;29;White;Divorced;HS-grad;United-States;Private;Craft-repair;<=50K
147;Male;42;Black;Separated;Bachelors;United-States;Private;Other-service;<=50K
148;Female;25;White;Never-married;HS-grad;United-States;Private;Other-service;<=50K
149;Female;44;Asian-Pac-Islander;Divorced;Masters;United-States;Self-emp-inc;Exec-managerial;<=50K
150;Female;28;Asian-Pac-Islander;Never-married;HS-grad;England;Private;Exec-managerial;<=50K
151;Male;45;White;Married-civ-spouse;Masters;United-States;Self-emp-not-inc;Sales;>50K
152;Female;36;White;Divorced;Some-college;Mexico;Private;Other-service;<=50K
153;Male;39;White;Never-married;Assoc-acdm;United-States;Federal-gov;Exec-managerial;<=50K
154;Male;46;White;Widowed;Masters;United-States;State-gov;Protective-serv;<=50K
155;Male;18;White;Never-married;11th;United-States;Private;Handlers-cleaners;<=50K
156;Female;66;White;Widowed;Assoc-voc;United-States;Local-gov;Prof-specialty;<=50K
157;Male;27;White;Never-married;HS-grad;United-States;Private;Other-service;<=50K
158;Male;28;White;Married-civ-spouse;HS-grad;United-States;State-gov;Protective-serv;<=50K
159;Male;51;White;Married-civ-spouse;Some-college;United-States;Private;Sales;>50K
160;Male;27;White;Never-married;Bachelors;United-States;Private;Craft-repair;<=50K
161;Male;28;White;Married-civ-spouse;Bachelors;United-States;State-gov;Prof-specialty;>50K
162;Female;27;White;Married-spouse-absent;HS-grad;United-States;Private;Sales;<=50K
163;Male;21;Black;Never-married;HS-grad;United-States;Private;Craft-repair;<=50K
164;Male;34;Black;Never-married;HS-grad;United-States;Private;Handlers-cleaners;<=50K
165;Male;18;White;Never-married;HS-grad;United-States;Private;Other-service;<=50K
166;Male;33;White;Married-civ-spouse;Bachelors;United-States;Private;Prof-specialty;<=50K
167;Male;44;Black;Married-civ-spouse;Some-college;United-States;Local-gov;Exec-managerial;>50K
168;Female;43;White;Divorced;Some-college;United-States;Private;Adm-clerical;<=50K
169;Male;30;Black;Never-married;Some-college;United-States;Private;Craft-repair;<=50K
170;Male;40;White;Married-civ-spouse;7th-8th;Mexico;Private;Machine-op-inspct;>50K
171;Male;37;White;Married-civ-spouse;Some-college;United-States;Federal-gov;Adm-clerical;>50K
172;Male;34;Black;Married-civ-spouse;HS-grad;United-States;Private;Adm-clerical;<=50K
173;Female;41;White;Divorced;Bachelors;United-States;Self-emp-not-inc;Exec-managerial;<=50K
174;Female;31;White;Married-civ-spouse;Masters;United-States;Private;Prof-specialty;<=50K
175;Male;58;White;Married-civ-spouse;Doctorate;United-States;State-gov;Prof-specialty;>50K
176;Female;38;Black;Divorced;Some-college;United-States;Private;Machine-op-inspct;<=50K
177;Male;24;White;Married-civ-spouse;Some-college;United-States;Private;Machine-op-inspct;<=50K
178;Male;41;Black;Married-civ-spouse;Bachelors;United-States;Local-gov;Craft-repair;<=50K
179;Male;47;White;Married-civ-spouse;Some-college;United-States;Private;Tech-support;<=50K
180;Male;41;White;Married-civ-spouse;Bachelors;United-States;Federal-gov;Tech-support;<=50K
181;Male;23;White;Married-civ-spouse;5th-6th;Mexico;Private;Transport-moving;<=50K
182;Male;36;White;Divorced;Some-college;United-States;Private;Craft-repair;<=50K
183;Female;40;White;Never-married;Masters;United-States;Federal-gov;Exec-managerial;>50K
184;Male;35;White;Married-civ-spouse;Masters;United-States;Private;Prof-specialty;>50K
185;Male;24;White;Never-married;HS-grad;United-States;Self-emp-not-inc;Sales;<=50K
186;Female;26;White;Never-married;Masters;United-States;Private;Prof-specialty;<=50K
187;Male;51;White;Married-civ-spouse;Bachelors;United-States;Private;Exec-managerial;>50K
188;Female;42;White;Never-married;Some-college;United-States;Local-gov;Prof-specialty;<=50K
189;Female;37;White;Divorced;HS-grad;United-States;State-gov;Adm-clerical;<=50K
190;Female;18;White;Never-married;11th;United-States;Private;Sales;<=50K
191;Male;36;Black;Married-civ-spouse;Bachelors;United-States;Private;Other-service;>50K
192;Male;35;White;Divorced;HS-grad;United-States;Private;Craft-repair;<=50K
193;Female;58;White;Married-civ-spouse;HS-grad;United-States;Self-emp-inc;Sales;>50K
194;Female;17;White;Never-married;11th;United-States;Private;Sales;<=50K
195;Male;44;Black;Married-civ-spouse;HS-grad;United-States;Local-gov;Transport-moving;<=50K
196;Male;37;White;Married-civ-spouse;HS-grad;United-States;Private;Craft-repair;>50K
197;Female;35;Amer-Indian-Eskimo;Never-married;Some-college;United-States;Private;Sales;<=50K
198;Male;60;Asian-Pac-Islander;Married-civ-spouse;HS-grad;United-States;Private;Craft-repair;<=50K
199;Male;54;White;Married-civ-spouse;7th-8th;United-States;Self-emp-inc;Machine-op-inspct;>50K
200;Male;37;Black;Never-married;Bachelors;United-States;Private;Exec-managerial;>50K
201;Female;50;White;Divorced;Assoc-acdm;United-States;Private;Sales;<=50K
202;Male;38;White;Married-civ-spouse;Bachelors;Poland;Private;Sales;<=50K
203;Male;45;White;Married-civ-spouse;Bachelors;United-States;Private;Prof-specialty;<=50K
204;Male;25;White;Never-married;10th;United-States;Private;Craft-repair;<=50K
205;Male;31;White;Married-civ-spouse;Some-college;United-States;Private;Handlers-cleaners;<=50K
206;Male;90;Black;Never-married;HS-grad;United-States;Private;Other-service;<=50K
207;Male;54;Black;Married-civ-spouse;HS-grad;United-States;Private;Adm-clerical;<=50K
208;Female;53;White;Never-married;Preschool;United-States;Local-gov;Machine-op-inspct;<=50K
209;Female;18;White;Never-married;HS-grad;United-States;Private;Sales;<=50K
210;Male;66;White;Married-civ-spouse;HS-grad;United-States;Self-emp-not-inc;Farming-fishing;<=50K
211;Female;75;White;Widowed;Assoc-voc;Columbia;Private;Adm-clerical;<=50K
212;Female;65;White;Divorced;HS-grad;United-States;Private;Adm-clerical;<=50K
213;Male;35;Black;Separated;11th;United-States;Private;Transport-moving;<=50K
214;Female;41;Black;Divorced;HS-grad;United-States;Private;Sales;<=50K
215;Male;25;White;Never-married;Some-college;United-States;Private;Adm-clerical;<=50K
216;Female;33;Other;Divorced;Some-college;United-States;Private;Craft-repair;<=50K
217;Male;28;White;Never-married;Prof-school;United-States;Private;Prof-specialty;>50K
218;Male;59;White;Married-civ-spouse;HS-grad;United-States;State-gov;Other-service;<=50K
219;Female;40;White;Never-married;Some-college;United-States;State-gov;Adm-clerical;<=50K
220;Male;41;White;Married-civ-spouse;Bachelors;Iran;Private;Exec-managerial;>50K
221;Male;38;White;Married-civ-spouse;Masters;United-States;Local-gov;Exec-managerial;>50K
222;Male;23;White;Never-married;HS-grad;United-States;Private;Transport-moving;<=50K
223;Male;40;White;Married-civ-spouse;Bachelors;United-States;Private;Prof-specialty;>50K
224;Female;41;White;Married-civ-spouse;HS-grad;United-States;Self-emp-not-inc;Other-service;<=50K
225;Male;24;White;Married-civ-spouse;Assoc-acdm;United-States;State-gov;Protective-serv;<=50K
226;Male;38;White;Divorced;Some-college;United-States;Private;Craft-repair;<=50K
227;Male;58;White;Married-civ-spouse;HS-grad;United-States;Private;Adm-clerical;>50K
228;Female;32;White;Never-married;HS-grad;United-States;Private;Other-service;<=50K
229;Male;40;White;Married-civ-spouse;Assoc-acdm;United-States;Private;Tech-support;>50K
230;Female;41;White;Married-civ-spouse;Prof-school;United-States;Private;Prof-specialty;>50K
231;Female;42;Black;Married-civ-spouse;Bachelors;United-States;Private;Adm-clerical;<=50K
232;Female;59;Black;Widowed;10th;United-States;Local-gov;Other-service;<=50K
233;Male;19;White;Never-married;Some-college;United-States;Local-gov;Adm-clerical;<=50K
234;Male;58;White;Never-married;Some-college;United-States;Private;Transport-moving;<=50K
235;Male;42;Asian-Pac-Islander;Married-civ-spouse;HS-grad;Cambodia;Self-emp-not-inc;Farming-fishing;>50K
236;Female;20;White;Never-married;HS-grad;United-States;Private;Other-service;<=50K
237;Female;32;White;Separated;HS-grad;United-States;Private;Other-service;<=50K
238;Female;45;White;Widowed;Assoc-voc;United-States;Private;Exec-managerial;<=50K
239;Male;50;White;Divorced;7th-8th;United-States;Private;Craft-repair;<=50K
240;Female;36;White;Divorced;Bachelors;United-States;Private;Prof-specialty;<=50K
241;Male;45;White;Married-civ-spouse;HS-grad;United-States;Private;Sales;<=50K
242;Male;17;White;Never-married;11th;United-States;Private;Other-service;<=50K
243;Male;59;White;Married-civ-spouse;Some-college;United-States;Private;Sales;<=50K
244;Male;26;White;Married-civ-spouse;11th;United-States;Private;Craft-repair;<=50K
245;Male;37;Asian-Pac-Islander;Married-civ-spouse;Some-college;Thailand;Self-emp-inc;Exec-managerial;>50K
246;Male;64;White;Married-civ-spouse;HS-grad;United-States;Private;Exec-managerial;>50K
247;Female;33;White;Never-married;Bachelors;United-States;Private;Prof-specialty;<=50K
248;Female;33;White;Married-civ-spouse;HS-grad;United-States;Private;Craft-repair;>50K
249;Male;61;White;Married-civ-spouse;HS-grad;United-States;Private;Exec-managerial;>50K
250;Male;17;White;Never-married;9th;United-States;Private;Other-service;<=50K
251;Male;50;White;Married-civ-spouse;Masters;United-States;Self-emp-not-inc;Farming-fishing;<=50K
252;Male;27;White;Never-married;Masters;United-States;Local-gov;Prof-specialty;<=50K
253;Female;30;White;Divorced;HS-grad;United-States;Private;Prof-specialty;<=50K
254;Male;43;Black;Married-civ-spouse;HS-grad;United-States;Private;Handlers-cleaners;<=50K
255;Male;44;White;Married-civ-spouse;Some-college;United-States;Private;Craft-repair;>50K
256;Female;35;White;Never-married;Some-college;United-States;Private;Exec-managerial;<=50K
257;Female;25;White;Never-married;Some-college;United-States;Private;Tech-support;<=50K
258;Female;24;White;Married-civ-spouse;Some-college;United-States;Private;Machine-op-inspct;>50K
259;Female;22;White;Never-married;Bachelors;Germany;Private;Prof-specialty;<=50K
260;Male;42;White;Married-civ-spouse;Some-college;United-States;Local-gov;Craft-repair;>50K
261;Female;34;Black;Divorced;Assoc-acdm;United-States;Private;Sales;<=50K
262;Female;60;White;Divorced;Bachelors;United-States;Private;Prof-specialty;<=50K
263;Male;21;White;Never-married;HS-grad;United-States;Private;Handlers-cleaners;<=50K
264;Male;57;White;Married-civ-spouse;Masters;United-States;Federal-gov;Sales;>50K
265;Male;41;White;Married-civ-spouse;Prof-school;United-States;Private;Prof-specialty;>50K
266;Male;50;White;Divorced;Some-college;United-States;Private;Other-service;<=50K
267;Female;25;White;Never-married;Bachelors;United-States;Private;Exec-managerial;<=50K
268;Male;50;White;Married-civ-spouse;7th-8th;Ecuador;Private;Craft-repair;<=50K
269;Male;36;White;Married-civ-spouse;Bachelors;United-States;Private;Prof-specialty;<=50K
270;Female;31;White;Divorced;HS-grad;United-States;Private;Prof-specialty;<=50K
271;Male;29;White;Never-married;Bachelors;United-States;Local-gov;Protective-serv;<=50K
272;Male;21;White;Never-married;Some-college;United-States;Private;Sales;<=50K
273;Female;27;Black;Never-married;Bachelors;United-States;Private;Tech-support;<=50K
274;Male;65;White;Married-civ-spouse;HS-grad;United-States;Private;Transport-moving;<=50K
275;Female;37;White;Divorced;Bachelors;United-States;Self-emp-inc;Sales;<=50K
276;Male;24;White;Never-married;HS-grad;United-States;Private;Craft-repair;<=50K
277;Male;38;White;Divorced;HS-grad;United-States;Private;Sales;<=50K
278;Male;48;White;Married-civ-spouse;Bachelors;United-States;Private;Adm-clerical;>50K
279;Female;21;Asian-Pac-Islander;Never-married;Some-college;United-States;Private;Other-service;<=50K
280;Male;31;White;Married-civ-spouse;HS-grad;United-States;Private;Transport-moving;>50K
281;Male;55;White;Married-civ-spouse;HS-grad;United-States;Private;Sales;>50K
282;Female;24;Asian-Pac-Islander;Married-civ-spouse;Some-college;Laos;Private;Adm-clerical;<=50K
283;Female;43;White;Divorced;HS-grad;United-States;Private;Adm-clerical;<=50K
284;Male;26;White;Never-married;Assoc-acdm;United-States;Private;Tech-support;<=50K
285;Female;46;White;Never-married;Assoc-acdm;United-States;Private;Prof-specialty;<=50K
286;Male;35;White;Married-civ-spouse;Assoc-acdm;United-States;Private;Adm-clerical;>50K
287;Male;41;White;Married-civ-spouse;Some-college;United-States;Self-emp-inc;Farming-fishing;>50K
288;Male;26;White;Never-married;Bachelors;United-States;Private;Sales;<=50K
289;Male;34;Asian-Pac-Islander;Married-civ-spouse;Masters;Taiwan;Private;Exec-managerial;>50K
290;Female;36;Black;Divorced;Bachelors;United-States;Self-emp-not-inc;Prof-specialty;>50K
291;Male;22;White;Never-married;Some-college;United-States;Private;Sales;<=50K
292;Male;24;White;Never-married;Some-college;United-States;Private;Machine-op-inspct;<=50K
293;Male;77;White;Married-civ-spouse;Some-college;United-States;Self-emp-not-inc;Sales;<=50K
294;Female;22;White;Married-civ-spouse;5th-6th;Mexico;Private;Machine-op-inspct;<=50K
295;Female;29;White;Never-married;Some-college;United-States;Private;Tech-support;<=50K
296;Female;62;White;Widowed;HS-grad;United-States;Private;Other-service;<=50K
297;Male;39;White;Married-civ-spouse;HS-grad;United-States;Self-emp-not-inc;Exec-managerial;<=50K
298;Male;43;White;Married-civ-spouse;Some-college;United-States;Private;Craft-repair;<=50K
299;Male;35;White;Divorced;HS-grad;United-States;Private;Transport-moving;<=50K
300;Female;29;White;Never-married;11th;United-States;Private;Exec-managerial;<=50K
301;Male;76;White;Married-civ-spouse;Masters;United-States;Self-emp-not-inc;Craft-repair;<=50K
302;Male;63;White;Married-civ-spouse;HS-grad;United-States;Self-emp-not-inc;Farming-fishing;<=50K
303;Female;43;White;Married-civ-spouse;Some-college;United-States;Private;Prof-specialty;>50K
304;Male;58;White;Married-civ-spouse;HS-grad;United-States;Self-emp-not-inc;Handlers-cleaners;<=50K
305;Male;66;White;Never-married;HS-grad;United-States;Private;Transport-moving;<=50K
306;Male;41;Black;Never-married;Some-college;United-States;Private;Craft-repair;<=50K
307;Male;26;White;Never-married;Bachelors;United-States;Private;Adm-clerical;<=50K
308;Male;47;White;Never-married;Assoc-voc;United-States;Private;Other-service;<=50K
309;Male;55;White;Married-civ-spouse;10th;United-States;Local-gov;Adm-clerical;<=50K
310;Male;53;White;Married-civ-spouse;HS-grad;United-States;Private;Transport-moving;<=50K
311;Male;17;White;Never-married;5th-6th;Mexico;Private;Other-service;<=50K
312;Male;30;White;Never-married;HS-grad;United-States;Private;Craft-repair;<=50K
313;Male;49;White;Never-married;Masters;United-States;Private;Prof-specialty;<=50K
314;Male;19;Black;Never-married;HS-grad;Haiti;Private;Sales;<=50K
315;Male;45;Black;Married-civ-spouse;HS-grad;United-States;Private;Other-service;<=50K
316;Male;26;White;Never-married;Assoc-acdm;United-States;Private;Sales;<=50K
317;Male;38;White;Married-civ-spouse;Assoc-voc;United-States;Private;Craft-repair;>50K
318;Male;36;White;Married-civ-spouse;HS-grad;United-States;State-gov;Protective-serv;>50K
319;Male;33;White;Never-married;HS-grad;United-States;Private;Farming-fishing;<=50K
320;Female;22;Black;Never-married;Some-college;United-States;State-gov;Protective-serv;<=50K
321;Male;43;White;Never-married;Bachelors;United-States;Self-emp-not-inc;Sales;<=50K
322;Male;56;White;Married-spouse-absent;Assoc-acdm;Iran;Private;Other-service;<=50K
323;Male;31;White;Never-married;Bachelors;United-States;Private;Prof-specialty;<=50K
324;Male;33;White;Married-civ-spouse;Bachelors;United-States;Private;Exec-managerial;>50K
325;Male;26;White;Married-civ-spouse;HS-grad;United-States;Private;Other-service;<=50K
326;Male;33;White;Married-civ-spouse;Bachelors;United-States;Private;Exec-managerial;>50K
327;Male;46;White;Married-civ-spouse;11th;United-States;Local-gov;Transport-moving;<=50K
328;Male;38;White;Married-civ-spouse;HS-grad;United-States;Federal-gov;Adm-clerical;>50K
329;Male;65;Other;Widowed;11th;United-States;Private;Other-service;<=50K
330;Male;40;White;Married-civ-spouse;Assoc-voc;United-States;Private;Tech-support;>50K
331;Female;42;White;Married-civ-spouse;HS-grad;United-States;Private;Adm-clerical;<=50K
332;Male;26;White;Married-civ-spouse;9th;Portugal;Self-emp-not-inc;Craft-repair;<=50K
333;Female;36;White;Married-civ-spouse;10th;United-States;Private;Other-service;<=50K
334;Male;62;White;Married-civ-spouse;Masters;United-States;Private;Prof-specialty;>50K
335;Male;43;White;Married-civ-spouse;Bachelors;United-States;Private;Transport-moving;<=50K
336;Male;43;White;Divorced;Bachelors;United-States;Private;Exec-managerial;>50K
337;Male;22;White;Married-spouse-absent;HS-grad;United-States;Private;Sales;<=50K
338;Male;28;White;Married-civ-spouse;HS-grad;United-States;Private;Craft-repair;<=50K
339;Male;56;White;Married-civ-spouse;Some-college;United-States;Self-emp-not-inc;Sales;<=50K
340;Female;22;White;Never-married;Assoc-acdm;United-States;Private;Sales;<=50K
341;Female;57;White;Divorced;Bachelors;United-States;Private;Exec-managerial;>50K
342;Female;39;White;Divorced;HS-grad;United-States;Private;Sales;<=50K
343;Female;26;White;Never-married;Some-college;United-States;Federal-gov;Adm-clerical;<=50K
344;Male;17;White;Never-married;11th;United-States;Private;Other-service;<=50K
345;Male;40;White;Married-civ-spouse;Assoc-voc;United-States;State-gov;Machine-op-inspct;>50K
346;Male;45;Black;Married-civ-spouse;HS-grad;United-States;Private;Machine-op-inspct;<=50K
347;Male;44;Black;Never-married;HS-grad;United-States;Private;Craft-repair;<=50K
348;Female;20;White;Never-married;Some-college;United-States;Local-gov;Adm-clerical;<=50K
349;Female;33;White;Married-civ-spouse;HS-grad;United-States;Private;Craft-repair;<=50K
350;Male;23;White;Never-married;Some-college;United-States;Private;Sales;<=50K
351;Male;46;White;Divorced;Masters;United-States;Self-emp-not-inc;Exec-managerial;<=50K
352;Male;38;White;Married-civ-spouse;HS-grad;United-States;Private;Sales;<=50K
353;Male;54;White;Divorced;HS-grad;United-States;Private;Transport-moving;<=50K
354;Female;46;White;Divorced;5th-6th;United-States;Private;Craft-repair;<=50K
355;Male;25;White;Married-civ-spouse;Some-college;United-States;Private;Craft-repair;<=50K
356;Female;46;White;Divorced;Some-college;United-States;Private;Sales;<=50K
357;Female;36;White;Married-civ-spouse;Some-college;United-States;Local-gov;Transport-moving;<=50K
358;Female;23;White;Never-married;HS-grad;United-States;Private;Other-service;<=50K
359;Male;29;White;Separated;HS-grad;United-States;Private;Machine-op-inspct;<=50K
360;Female;44;White;Married-civ-spouse;Some-college;United-States;Private;Adm-clerical;>50K
361;Female;19;White;Never-married;Some-college;United-States;Private;Adm-clerical;<=50K
362;Female;19;White;Never-married;HS-grad;United-States;Private;Other-service;<=50K
363;Female;35;White;Married-civ-spouse;HS-grad;United-States;Private;Other-service;>50K
364;Male;27;White;Never-married;Bachelors;United-States;Private;Craft-repair;<=50K
365;Male;46;White;Separated;Assoc-acdm;United-States;Self-emp-not-inc;Craft-repair;<=50K
366;Female;34;White;Never-married;HS-grad;United-States;Private;Other-service;<=50K
367;Male;44;White;Married-civ-spouse;Some-college;United-States;Private;Tech-support;<=50K
368;Female;45;White;Divorced;Some-college;United-States;Private;Handlers-cleaners;<=50K
369;Male;25;White;Married-civ-spouse;Bachelors;United-States;Private;Exec-managerial;>50K
370;Male;52;White;Married-civ-spouse;Bachelors;United-States;Self-emp-inc;Exec-managerial;>50K
371;Male;20;White;Never-married;Some-college;United-States;Private;Handlers-cleaners;<=50K
372;Female;28;White;Never-married;Some-college;United-States;Private;Other-service;<=50K
373;Male;50;White;Married-civ-spouse;Bachelors;United-States;State-gov;Protective-serv;>50K
374;Female;34;White;Divorced;Assoc-voc;United-States;Private;Tech-support;<=50K
375;Male;28;Other;Married-civ-spouse;7th-8th;Puerto-Rico;Private;Handlers-cleaners;<=50K
376;Male;41;White;Married-civ-spouse;Masters;United-States;Private;Exec-managerial;>50K
377;Male;28;White;Married-civ-spouse;HS-grad;United-States;Private;Adm-clerical;<=50K
378;Male;46;White;Married-civ-spouse;HS-grad;United-States;Self-emp-not-inc;Craft-repair;<=50K
379;Male;32;White;Married-civ-spouse;Some-college;United-States;Private;Exec-managerial;<=50K
380;Female;41;Black;Divorced;Some-college;United-States;Local-gov;Other-service;<=50K
381;Female;24;Black;Never-married;HS-grad;United-States;Private;Handlers-cleaners;<=50K
382;Female;33;White;Divorced;Some-college;United-States;Private;Exec-managerial;<=50K
383;Male;46;White;Married-civ-spouse;Doctorate;United-States;Private;Exec-managerial;>50K
384;Male;31;White;Married-civ-spouse;Some-college;United-States;State-gov;Machine-op-inspct;<=50K
385;Male;35;White;Divorced;12th;United-States;Private;Craft-repair;>50K
386;Male;52;White;Married-civ-spouse;1st-4th;Mexico;Private;Machine-op-inspct;<=50K
387;Female;30;White;Never-married;11th;United-States;Private;Other-service;<=50K
388;Male;34;Black;Separated;11th;United-States;Local-gov;Machine-op-inspct;<=50K
389;Female;34;White;Divorced;HS-grad;United-States;State-gov;Transport-moving;<=50K
390;Male;20;White;Married-civ-spouse;Some-college;United-States;Private;Sales;<=50K
391;Male;17;White;Never-married;11th;United-States;Private;Handlers-cleaners;<=50K
392;Female;32;White;Married-civ-spouse;Bachelors;United-States;State-gov;Exec-managerial;>50K
393;Male;29;White;Divorced;HS-grad;United-States;Private;Farming-fishing;<=50K
394;Female;33;White;Never-married;10th;United-States;Private;Craft-repair;<=50K
395;Male;25;White;Married-civ-spouse;HS-grad;United-States;Private;Transport-moving;<=50K
396;Male;36;White;Never-married;Masters;United-States;Federal-gov;Prof-specialty;<=50K
397;Male;23;White;Never-married;HS-grad;Dominican-Republic;Private;Handlers-cleaners;<=50K
398;Male;63;White;Married-civ-spouse;HS-grad;United-States;Self-emp-inc;Exec-managerial;>50K
399;Male;47;White;Married-civ-spouse;Masters;United-States;Local-gov;Prof-specialty;<=50K
400;Female;40;White;Married-spouse-absent;Bachelors;United-States;Self-emp-not-inc;Prof-specialty;<=50K
401;Female;30;White;Married-civ-spouse;Assoc-acdm;United-States;Private;Other-service;>50K
402;Male;27;Asian-Pac-Islander;Never-married;Some-college;Philippines;Private;Craft-repair;<=50K
403;Male;33;White;Married-civ-spouse;Masters;United-States;Private;Prof-specialty;>50K
404;Male;34;Black;Never-married;HS-grad;United-States;Local-gov;Farming-fishing;<=50K
405;Female;34;White;Never-married;Some-college;United-States;Local-gov;Protective-serv;<=50K
406;Male;23;White;Married-civ-spouse;Some-college;United-States;Private;Adm-clerical;<=50K
407;Female;42;White;Married-civ-spouse;Some-college;United-States;Local-gov;Adm-clerical;<=50K
408;Male;29;White;Never-married;Bachelors;United-States;Private;Prof-specialty;<=50K
409;Female;45;White;Divorced;HS-grad;United-States;Private;Adm-clerical;<=50K
410;Male;24;White;Never-married;HS-grad;United-States;Federal-gov;Armed-Forces;<=50K
411;Male;44;White;Married-civ-spouse;Some-college;United-States;Private;Prof-specialty;>50K
412;Male;27;White;Never-married;9th;Mexico;Private;Craft-repair;<=50K
413;Male;20;White;Never-married;Some-college;United-States;Private;Sales;<=50K
414;Female;44;Black;Widowed;HS-grad;United-States;Private;Exec-managerial;<=50K
415;Male;51;Amer-Indian-Eskimo;Married-civ-spouse;HS-grad;United-States;Private;Craft-repair;<=50K
416;Male;20;White;Married-civ-spouse;HS-grad;United-States;Private;Machine-op-inspct;<=50K
417;Female;19;Black;Never-married;HS-grad;United-States;Private;Machine-op-inspct;<=50K
418;Male;45;White;Married-civ-spouse;Some-college;United-States;Self-emp-inc;Craft-repair;>50K
419;Male;60;White;Married-civ-spouse;HS-grad;United-States;Private;Craft-repair;>50K
420;Female;44;White;Married-civ-spouse;HS-grad;United-States;Self-emp-not-inc;Sales;>50K
421;Male;40;Asian-Pac-Islander;Married-civ-spouse;Assoc-voc;United-States;Private;Machine-op-inspct;>50K
422;Female;30;White;Married-civ-spouse;HS-grad;United-States;Private;Exec-managerial;<=50K
423;Male;38;Black;Married-civ-spouse;Some-college;United-States;Private;Transport-moving;<=50K
424;Male;23;White;Married-civ-spouse;HS-grad;United-States;Private;Transport-moving;<=50K
425;Male;44;White;Never-married;Assoc-acdm;United-States;Private;Farming-fishing;<=50K
426;Male;54;Black;Married-civ-spouse;HS-grad;United-States;Local-gov;Transport-moving;<=50K
427;Male;32;White;Married-civ-spouse;Bachelors;United-States;Private;Prof-specialty;<=50K
428;Male;50;White;Married-spouse-absent;1st-4th;United-States;Private;Craft-repair;<=50K
429;Female;24;White;Never-married;Bachelors;United-States;Private;Tech-support;<=50K
430;Female;37;White;Married-civ-spouse;HS-grad;United-States;Private;Adm-clerical;<=50K
431;Male;52;White;Divorced;HS-grad;United-States;Private;Transport-moving;<=50K
432;Male;38;White;Married-civ-spouse;Some-college;United-States;Private;Transport-moving;<=50K
433;Male;49;White;Married-civ-spouse;Masters;United-States;Private;Exec-managerial;>50K
434;Female;30;White;Married-civ-spouse;Bachelors;United-States;Private;Tech-support;>50K
435;Male;60;White;Never-married;Some-college;United-States;Private;Prof-specialty;>50K
436;Male;35;White;Never-married;HS-grad;United-States;Private;Craft-repair;<=50K
437;Male;30;White;Never-married;HS-grad;United-States;Private;Transport-moving;<=50K
438;Female;67;White;Divorced;Assoc-voc;United-States;Private;Other-service;<=50K
439;Female;46;White;Never-married;Bachelors;United-States;Private;Craft-repair;<=50K
440;Male;17;White;Never-married;9th;United-States;Private;Other-service;<=50K
441;Male;22;White;Never-married;Some-college;United-States;Private;Handlers-cleaners;<=50K
442;Male;27;White;Never-married;10th;United-States;Private;Other-service;<=50K
443;Female;23;White;Never-married;HS-grad;United-States;Private;Other-service;<=50K
444;Male;33;White;Married-civ-spouse;Assoc-acdm;Portugal;Private;Craft-repair;<=50K
445;Male;43;White;Married-civ-spouse;Some-college;United-States;Self-emp-not-inc;Craft-repair;<=50K
446;Male;28;White;Never-married;Bachelors;United-States;State-gov;Prof-specialty;<=50K
447;Female;41;White;Married-spouse-absent;HS-grad;United-States;Private;Craft-repair;<=50K
448;Female;25;Black;Married-spouse-absent;Some-college;United-States;Private;Adm-clerical;<=50K
449;Male;59;White;Married-civ-spouse;HS-grad;United-States;Local-gov;Transport-moving;<=50K
450;Female;45;White;Divorced;Bachelors;United-States;Local-gov;Prof-specialty;<=50K
451;Male;38;White;Married-civ-spouse;Bachelors;United-States;Private;Sales;>50K
452;Female;40;White;Never-married;HS-grad;United-States;Private;Other-service;<=50K
453;Male;46;White;Divorced;HS-grad;United-States;Federal-gov;Adm-clerical;<=50K
454;Female;35;White;Never-married;Assoc-acdm;United-States;Private;Exec-managerial;<=50K
455;Female;34;White;Divorced;HS-grad;United-States;Private;Prof-specialty;<=50K
456;Male;33;White;Never-married;Bachelors;United-States;Private;Craft-repair;<=50K
457;Female;41;White;Divorced;HS-grad;United-States;Private;Adm-clerical;<=50K
458;Male;20;White;Never-married;Some-college;United-States;Private;Machine-op-inspct;<=50K
459;Male;23;White;Never-married;5th-6th;El-Salvador;Private;Other-service;<=50K
460;Female;26;White;Never-married;Some-college;United-States;Private;Prof-specialty;<=50K
461;Male;23;White;Never-married;HS-grad;Poland;Local-gov;Farming-fishing;<=50K
462;Male;62;White;Married-civ-spouse;HS-grad;United-States;Local-gov;Transport-moving;<=50K
463;Male;52;White;Married-civ-spouse;Some-college;United-States;Private;Adm-clerical;<=50K
464;Female;58;White;Divorced;Some-college;France;Private;Other-service;<=50K
465;Female;25;White;Never-married;Bachelors;United-States;Private;Sales;<=50K
466;Male;24;Black;Never-married;Bachelors;United-States;Private;Exec-managerial;<=50K
467;Male;19;White;Never-married;Some-college;United-States;Private;Protective-serv;<=50K
468;Male;43;White;Married-civ-spouse;Some-college;United-States;Private;Exec-managerial;<=50K
469;Female;47;Black;Separated;HS-grad;United-States;Local-gov;Adm-clerical;<=50K
470;Female;39;White;Divorced;HS-grad;United-States;Private;Other-service;<=50K
471;Male;49;White;Married-spouse-absent;Assoc-voc;United-States;Private;Handlers-cleaners;<=50K
472;Male;32;White;Never-married;Assoc-voc;United-States;Private;Craft-repair;<=50K
473;Male;34;White;Married-civ-spouse;Some-college;United-States;Private;Prof-specialty;>50K
474;Male;28;White;Divorced;HS-grad;United-States;Private;Craft-repair;<=50K
475;Female;25;Amer-Indian-Eskimo;Never-married;Some-college;United-States;Private;Adm-clerical;<=50K
476;Male;34;White;Married-civ-spouse;Bachelors;United-States;Private;Prof-specialty;>50K
477;Male;38;White;Married-civ-spouse;Bachelors;United-States;Self-emp-inc;Exec-managerial;>50K
478;Male;50;White;Married-civ-spouse;HS-grad;United-States;Private;Exec-managerial;>50K
479;Male;24;Black;Divorced;Some-college;United-States;Local-gov;Handlers-cleaners;<=50K
480;Male;37;White;Married-civ-spouse;Some-college;United-States;Local-gov;Tech-support;>50K
481;Male;44;White;Divorced;Some-college;United-States;Private;Machine-op-inspct;>50K
482;Female;28;White;Married-civ-spouse;Some-college;United-States;Private;Sales;<=50K
483;Male;42;White;Married-civ-spouse;Bachelors;United-States;Private;Exec-managerial;>50K
484;Female;74;White;Divorced;Some-college;United-States;Private;Adm-clerical;<=50K
485;Male;38;White;Married-civ-spouse;HS-grad;United-States;Self-emp-not-inc;Craft-repair;<=50K
486;Male;44;White;Married-civ-spouse;Masters;United-States;Self-emp-not-inc;Prof-specialty;<=50K
487;Female;44;Other;Divorced;11th;Puerto-Rico;Private;Machine-op-inspct;<=50K
488;Male;26;White;Never-married;HS-grad;United-States;Private;Machine-op-inspct;<=50K
489;Male;36;Black;Married-civ-spouse;HS-grad;United-States;Private;Other-service;<=50K
490;Female;41;White;Married-civ-spouse;Assoc-acdm;United-States;Private;Exec-managerial;>50K
491;Male;67;White;Married-civ-spouse;Prof-school;United-States;Private;Prof-specialty;>50K
492;Male;39;White;Married-civ-spouse;12th;United-States;Local-gov;Tech-support;<=50K
493;Female;57;Black;Widowed;1st-4th;United-States;Private;Priv-house-serv;<=50K
494;Male;29;White;Separated;Assoc-voc;United-States;Private;Craft-repair;<=50K
495;Female;31;White;Never-married;Bachelors;United-States;Self-emp-inc;Farming-fishing;<=50K
496;Male;44;White;Married-civ-spouse;Some-college;United-States;Private;Transport-moving;<=50K
497;Male;29;White;Never-married;Doctorate;United-States;Private;Prof-specialty;<=50K
498;Female;30;White;Never-married;Some-college;United-States;Private;Handlers-cleaners;<=50K
499;Male;27;White;Never-married;HS-grad;United-States;Private;Transport-moving;<=50K
500;Male;27;White;Married-civ-spouse;Some-college;United-States;Private;Sales;<=50K
501;Female;32;White;Never-married;HS-grad;United-States;Private;Handlers-cleaners;<=50K
502;Female;58;White;Married-civ-spouse;10th;United-States;Private;Other-service;<=50K
503;Male;35;White;Married-civ-spouse;Some-college;United-States;Local-gov;Protective-serv;<=50K
504;Male;21;White;Never-married;HS-grad;United-States;Private;Handlers-cleaners;<=50K
505;Male;28;White;Never-married;Some-college;United-States;Private;Craft-repair;<=50K
506;Male;46;White;Divorced;Some-college;United-States;Self-emp-not-inc;Exec-managerial;<=50K
507;Female;36;White;Separated;HS-grad;United-States;Self-emp-not-inc;Other-service;<=50K
508;Female;72;White;Widowed;11th;United-States;Private;Adm-clerical;<=50K
509;Female;35;Black;Married-civ-spouse;HS-grad;United-States;Private;Machine-op-inspct;<=50K
510;Female;33;Black;Divorced;Assoc-voc;United-States;Federal-gov;Craft-repair;>50K
511;Female;69;White;Never-married;11th;United-States;Private;Machine-op-inspct;<=50K
512;Male;35;White;Married-civ-spouse;HS-grad;United-States;Private;Machine-op-inspct;<=50K
513;Female;34;White;Married-civ-spouse;HS-grad;United-States;Private;Tech-support;<=50K
514;Male;30;White;Married-civ-spouse;11th;Mexico;Private;Other-service;<=50K
515;Male;28;White;Never-married;Bachelors;United-States;Private;Transport-moving;<=50K
516;Male;54;White;Married-civ-spouse;Bachelors;United-States;Private;Sales;>50K
517;Male;47;White;Married-civ-spouse;Some-college;United-States;Private;Prof-specialty;>50K
518;Female;24;Black;Never-married;HS-grad;United-States;Private;Handlers-cleaners;<=50K
519;Male;52;White;Married-civ-spouse;Bachelors;United-States;Self-emp-not-inc;Prof-specialty;>50K
520;Male;20;Amer-Indian-Eskimo;Never-married;HS-grad;United-States;Private;Handlers-cleaners;<=50K
521;Male;43;White;Married-civ-spouse;Masters;United-States;Self-emp-inc;Exec-managerial;<=50K
522;Female;45;White;Separated;7th-8th;Mexico;Private;Other-service;<=50K
523;Male;29;White;Separated;HS-grad;United-States;Self-emp-not-inc;Craft-repair;<=50K
524;Male;47;White;Divorced;Masters;United-States;Private;Exec-managerial;<=50K
525;Male;24;White;Never-married;HS-grad;United-States;Private;Craft-repair;<=50K
526;Male;51;White;Married-civ-spouse;HS-grad;United-States;Private;Prof-specialty;<=50K
527;Male;17;White;Never-married;11th;United-States;Private;Sales;<=50K
528;Male;37;White;Married-civ-spouse;Assoc-voc;United-States;Private;Craft-repair;>50K
529;Female;27;White;Never-married;Doctorate;United-States;Private;Prof-specialty;<=50K
530;Male;29;White;Married-civ-spouse;Bachelors;United-States;Private;Exec-managerial;>50K
531;Female;36;White;Divorced;Assoc-acdm;United-States;Self-emp-not-inc;Sales;<=50K
532;Female;58;White;Never-married;Bachelors;United-States;Local-gov;Prof-specialty;<=50K
533;Male;26;White;Married-civ-spouse;Some-college;United-States;Self-emp-not-inc;Craft-repair;<=50K
534;Male;57;White;Married-civ-spouse;HS-grad;United-States;Private;Sales;>50K
535;Male;59;White;Married-civ-spouse;HS-grad;United-States;Private;Craft-repair;<=50K
536;Male;27;White;Married-civ-spouse;HS-grad;United-States;Private;Machine-op-inspct;<=50K
537;Male;31;White;Never-married;Bachelors;United-States;Self-emp-not-inc;Tech-support;<=50K
538;Female;21;White;Never-married;Some-college;United-States;Private;Sales;<=50K
539;Male;29;White;Never-married;Some-college;United-States;Private;Adm-clerical;<=50K
540;Male;18;White;Never-married;11th;United-States;Private;Other-service;<=50K
541;Male;52;White;Married-civ-spouse;10th;United-States;Private;Craft-repair;>50K
542;Male;57;White;Divorced;Bachelors;United-States;Self-emp-inc;Prof-specialty;<=50K
543;Male;60;White;Never-married;7th-8th;United-States;Private;Transport-moving;>50K
544;Male;31;White;Married-civ-spouse;Bachelors;Canada;Private;Prof-specialty;>50K
545;Female;23;White;Never-married;Bachelors;United-States;Private;Adm-clerical;<=50K
546;Male;27;White;Never-married;HS-grad;United-States;Private;Sales;<=50K
547;Male;42;White;Married-civ-spouse;Prof-school;United-States;Self-emp-not-inc;Prof-specialty;>50K
548;Male;25;White;Never-married;Some-college;United-States;Private;Tech-support;<=50K
549;Female;49;White;Never-married;Bachelors;United-States;Private;Prof-specialty;<=50K
550;Male;32;White;Never-married;Bachelors;United-States;Private;Tech-support;<=50K
551;Male;19;White;Never-married;Some-college;United-States;Private;Adm-clerical;<=50K
552;Female;60;White;Divorced;7th-8th;United-States;Private;Other-service;<=50K
553;Male;42;White;Married-civ-spouse;9th;United-States;Local-gov;Other-service;<=50K
554;Male;35;White;Never-married;Assoc-acdm;United-States;Self-emp-not-inc;Farming-fishing;<=50K
555;Female;48;Black;Never-married;HS-grad;United-States;Private;Adm-clerical;<=50K
556;Male;51;White;Married-civ-spouse;Masters;United-States;Private;Craft-repair;>50K
557;Male;29;Amer-Indian-Eskimo;Never-married;HS-grad;United-States;Private;Craft-repair;<=50K
558;Male;36;Black;Separated;HS-grad;United-States;Local-gov;Exec-managerial;<=50K
559;Female;17;White;Never-married;10th;United-States;Private;Other-service;<=50K
560;Female;52;White;Divorced;Masters;United-States;Private;Prof-specialty;<=50K
561;Male;24;White;Never-married;HS-grad;United-States;Private;Craft-repair;<=50K
562;Male;24;White;Married-civ-spouse;HS-grad;United-States;Private;Handlers-cleaners;<=50K
563;Male;26;White;Never-married;Bachelors;United-States;Local-gov;Prof-specialty;<=50K
564;Female;27;White;Never-married;Bachelors;United-States;Private;Other-service;<=50K
565;Male;39;White;Never-married;HS-grad;United-States;Private;Handlers-cleaners;<=50K
566;Male;30;Black;Married-civ-spouse;HS-grad;United-States;Private;Transport-moving;<=50K
567;Male;50;White;Married-civ-spouse;HS-grad;United-States;Self-emp-not-inc;Exec-managerial;<=50K
568;Male;52;White;Married-civ-spouse;Bachelors;United-States;Self-emp-inc;Sales;<=50K
569;Male;46;White;Married-civ-spouse;Prof-school;United-States;Private;Prof-specialty;>50K
570;Female;23;White;Never-married;Bachelors;United-States;Private;Sales;<=50K
571;Female;45;Black;Widowed;11th;United-States;Private;Other-service;<=50K
572;Female;65;Black;Widowed;9th;United-States;Private;Priv-house-serv;<=50K
573;Male;29;White;Married-civ-spouse;Assoc-voc;United-States;Private;Transport-moving;<=50K
574;Male;47;White;Married-spouse-absent;9th;El-Salvador;Private;Handlers-cleaners;<=50K
575;Male;30;Black;Never-married;HS-grad;United-States;Private;Farming-fishing;<=50K
576;Male;34;White;Married-civ-spouse;HS-grad;United-States;Private;Sales;>50K
577;Male;38;White;Married-civ-spouse;HS-grad;United-States;Self-emp-not-inc;Sales;<=50K
578;Male;33;White;Married-civ-spouse;Some-college;United-States;Private;Exec-managerial;>50K
579;Male;49;White;Married-civ-spouse;Bachelors;United-States;Private;Sales;>50K
580;Female;47;Black;Never-married;Some-college;United-States;Self-emp-not-inc;Other-service;<=50K
581;Female;49;Black;Separated;10th;United-States;Local-gov;Other-service;<=50K
582;Male;43;White;Married-civ-spouse;Some-college;United-States;Private;Craft-repair;>50K
583;Female;30;Black;Married-civ-spouse;Bachelors;United-States;Private;Adm-clerical;>50K
584;Male;58;White;Married-civ-spouse;HS-grad;United-States;Self-emp-not-inc;Craft-repair;<=50K
585;Female;19;White;Never-married;HS-grad;United-States;Private;Other-service;<=50K
586;Male;21;White;Never-married;Bachelors;United-States;Private;Handlers-cleaners;<=50K
587;Male;33;White;Married-civ-spouse;Bachelors;United-States;Private;Exec-managerial;>50K
588;Male;47;White;Married-civ-spouse;5th-6th;Cuba;Self-emp-inc;Transport-moving;<=50K
589;Male;52;White;Married-civ-spouse;Doctorate;United-States;Self-emp-not-inc;Prof-specialty;>50K
590;Male;26;White;Divorced;HS-grad;United-States;Private;Craft-repair;<=50K
591;Male;60;White;Married-civ-spouse;HS-grad;United-States;Private;Craft-repair;<=50K
592;Male;21;White;Never-married;Some-college;United-States;Private;Handlers-cleaners;<=50K
593;Male;36;White;Married-civ-spouse;Some-college;United-States;Private;Sales;>50K
594;Male;31;White;Married-civ-spouse;Some-college;United-States;Private;Craft-repair;<=50K
595;Male;50;White;Separated;Doctorate;United-States;Self-emp-inc;Prof-specialty;>50K
596;Female;31;White;Divorced;HS-grad;United-States;Local-gov;Adm-clerical;<=50K
597;Male;71;White;Married-civ-spouse;HS-grad;United-States;Private;Craft-repair;<=50K
598;Male;30;White;Married-civ-spouse;Bachelors;United-States;State-gov;Tech-support;>50K
599;Male;20;White;Never-married;Some-college;United-States;Private;Other-service;<=50K
600;Male;24;White;Never-married;HS-grad;United-States;Private;Exec-managerial;<=50K
601;Male;35;Asian-Pac-Islander;Married-civ-spouse;Doctorate;Taiwan;Private;Prof-specialty;>50K
602;Female;38;White;Separated;Some-college;United-States;State-gov;Exec-managerial;<=50K
603;Female;27;White;Never-married;HS-grad;United-States;Private;Machine-op-inspct;<=50K
604;Female;29;Asian-Pac-Islander;Never-married;Some-college;Philippines;State-gov;Adm-clerical;<=50K
605;Male;34;White;Married-civ-spouse;HS-grad;United-States;Private;Craft-repair;<=50K
606;Male;44;White;Married-civ-spouse;7th-8th;United-States;Private;Craft-repair;<=50K
607;Male;43;White;Married-civ-spouse;HS-grad;United-States;Private;Machine-op-inspct;>50K
608;Male;44;Black;Married-civ-spouse;12th;United-States;Self-emp-not-inc;Handlers-cleaners;>50K
609;Male;35;White;Never-married;Masters;United-States;Private;Sales;<=50K
610;Male;27;White;Never-married;Some-college;United-States;Private;Prof-specialty;<=50K
611;Male;43;White;Never-married;Masters;United-States;Local-gov;Prof-specialty;<=50K
612;Female;20;White;Never-married;Some-college;United-States;Private;Sales;<=50K
613;Female;42;White;Divorced;Assoc-acdm;United-States;Private;Prof-specialty;>50K
614;Male;27;White;Married-civ-spouse;Some-college;United-States;State-gov;Transport-moving;<=50K
615;Male;42;Black;Married-civ-spouse;HS-grad;United-States;Private;Craft-repair;>50K
616;Male;24;White;Never-married;9th;United-States;Private;Machine-op-inspct;<=50K
617;Male;48;White;Divorced;Some-college;United-States;Federal-gov;Exec-managerial;<=50K
618;Male;17;White;Never-married;11th;United-States;Self-emp-not-inc;Farming-fishing;<=50K
619;Male;33;White;Married-civ-spouse;Bachelors;United-States;Private;Exec-managerial;>50K
620;Male;50;White;Married-civ-spouse;HS-grad;United-States;Self-emp-inc;Sales;>50K
621;Female;22;White;Never-married;HS-grad;United-States;Private;Sales;<=50K
622;Male;17;White;Never-married;12th;United-States;Private;Other-service;<=50K
623;Male;32;White;Married-civ-spouse;Some-college;Mexico;Private;Adm-clerical;<=50K
624;Male;31;White;Never-married;HS-grad;United-States;Private;Craft-repair;<=50K
625;Male;58;White;Widowed;HS-grad;United-States;Self-emp-not-inc;Exec-managerial;<=50K
626;Male;29;White;Never-married;HS-grad;United-States;Local-gov;Protective-serv;<=50K
627;Male;37;White;Married-civ-spouse;Assoc-voc;Portugal;Private;Craft-repair;>50K
628;Male;34;White;Married-civ-spouse;HS-grad;United-States;Self-emp-not-inc;Craft-repair;>50K
629;Male;23;Black;Separated;Some-college;United-States;Local-gov;Exec-managerial;<=50K
630;Female;18;White;Never-married;11th;United-States;State-gov;Adm-clerical;<=50K
631;Female;34;White;Divorced;HS-grad;United-States;Private;Exec-managerial;<=50K
632;Female;45;White;Married-civ-spouse;Bachelors;United-States;Local-gov;Prof-specialty;<=50K
633;Male;41;White;Never-married;Masters;Dominican-Republic;Private;Exec-managerial;<=50K
634;Male;26;White;Never-married;HS-grad;United-States;Private;Other-service;<=50K
635;Male;54;White;Married-civ-spouse;Some-college;United-States;Local-gov;Farming-fishing;<=50K
636;Female;24;Black;Never-married;Some-college;United-States;Private;Machine-op-inspct;<=50K
637;Male;42;White;Married-civ-spouse;Some-college;United-States;Private;Prof-specialty;<=50K
638;Male;20;White;Never-married;Some-college;United-States;Private;Prof-specialty;<=50K
639;Female;23;White;Never-married;Bachelors;United-States;State-gov;Tech-support;<=50K
640;Male;35;White;Never-married;Masters;United-States;Private;Prof-specialty;>50K
641;Male;31;White;Married-civ-spouse;Masters;United-States;Private;Tech-support;>50K
642;Female;30;White;Never-married;Bachelors;Poland;Private;Prof-specialty;<=50K
643;Female;19;White;Never-married;HS-grad;United-States;Private;Sales;<=50K
644;Male;36;White;Never-married;Bachelors;United-States;Local-gov;Prof-specialty;<=50K
645;Female;31;White;Widowed;Bachelors;Cuba;Private;Sales;<=50K
646;Male;21;White;Never-married;Some-college;United-States;Private;Handlers-cleaners;<=50K
647;Male;31;White;Married-civ-spouse;Some-college;United-States;Self-emp-not-inc;Craft-repair;<=50K
648;Female;46;White;Divorced;Doctorate;United-States;Private;Prof-specialty;>50K
649;Female;44;White;Divorced;Bachelors;United-States;Private;Exec-managerial;>50K
650;Male;40;Black;Married-civ-spouse;12th;Jamaica;Private;Other-service;<=50K
651;Male;45;Black;Never-married;Some-college;United-States;Private;Sales;<=50K
652;Male;60;White;Married-civ-spouse;HS-grad;United-States;Private;Craft-repair;<=50K
653;Male;18;White;Never-married;11th;United-States;Private;Other-service;<=50K
654;Male;28;White;Married-civ-spouse;Bachelors;United-States;Private;Prof-specialty;<=50K
655;Female;36;Black;Divorced;Some-college;United-States;Private;Adm-clerical;<=50K
656;Male;40;White;Married-civ-spouse;Assoc-voc;United-States;Private;Tech-support;<=50K
657;Female;36;White;Divorced;Bachelors;Honduras;Local-gov;Adm-clerical;<=50K
658;Female;31;Black;Separated;HS-grad;United-States;Private;Other-service;<=50K
659;Male;33;White;Married-civ-spouse;HS-grad;United-States;Private;Machine-op-inspct;<=50K
660;Female;19;White;Never-married;HS-grad;United-States;State-gov;Tech-support;<=50K
661;Female;22;White;Never-married;Some-college;United-States;Private;Sales;<=50K
662;Male;34;White;Married-civ-spouse;Bachelors;United-States;Private;Exec-managerial;>50K
663;Male;33;White;Never-married;HS-grad;United-States;Private;Other-service;<=50K
664;Male;41;White;Married-civ-spouse;HS-grad;United-States;Private;Craft-repair;<=50K
665;Male;29;White;Never-married;Bachelors;United-States;Private;Prof-specialty;<=50K
666;Male;50;White;Married-civ-spouse;HS-grad;United-States;Local-gov;Exec-managerial;>50K
667;Male;42;White;Married-civ-spouse;Bachelors;United-States;Private;Exec-managerial;>50K
668;Female;44;White;Married-civ-spouse;HS-grad;United-States;Private;Sales;<=50K
669;Female;20;White;Never-married;Some-college;United-States;Private;Other-service;<=50K
670;Male;31;White;Married-civ-spouse;HS-grad;Mexico;Private;Other-service;<=50K
671;Female;23;White;Never-married;Some-college;United-States;Private;Other-service;<=50K
672;Female;55;Asian-Pac-Islander;Divorced;Some-college;United-States;Private;Adm-clerical;<=50K
673;Male;26;White;Married-civ-spouse;Assoc-voc;United-States;Private;Adm-clerical;<=50K
674;Female;25;White;Never-married;Assoc-voc;United-States;Private;Other-service;<=50K
675;Male;35;White;Married-civ-spouse;Some-college;United-States;Private;Craft-repair;<=50K
676;Female;36;Black;Never-married;Some-college;United-States;Private;Sales;<=50K
677;Male;43;White;Married-civ-spouse;Bachelors;United-States;State-gov;Prof-specialty;<=50K
678;Female;56;Black;Widowed;HS-grad;United-States;Private;Other-service;<=50K
679;Male;42;White;Married-civ-spouse;Bachelors;United-States;Private;Tech-support;>50K
680;Female;19;White;Never-married;Some-college;United-States;Private;Other-service;<=50K
681;Male;55;White;Married-civ-spouse;HS-grad;United-States;Self-emp-not-inc;Transport-moving;<=50K
682;Female;42;White;Never-married;Masters;United-States;Private;Exec-managerial;>50K
683;Male;26;White;Never-married;Assoc-voc;United-States;Private;Tech-support;<=50K
684;Male;17;White;Never-married;12th;United-States;Private;Handlers-cleaners;<=50K
685;Female;42;White;Married-civ-spouse;Bachelors;United-States;Local-gov;Prof-specialty;>50K
686;Male;55;White;Married-civ-spouse;HS-grad;United-States;Private;Transport-moving;>50K
687;Female;32;Black;Never-married;Some-college;United-States;Private;Adm-clerical;<=50K
688;Male;29;Black;Never-married;11th;Haiti;Private;Craft-repair;<=50K
689;Male;46;White;Married-civ-spouse;Bachelors;United-States;State-gov;Prof-specialty;<=50K
690;Male;29;White;Married-civ-spouse;Bachelors;United-States;State-gov;Exec-managerial;>50K
691;Male;22;White;Never-married;Bachelors;United-States;Private;Prof-specialty;<=50K
692;Male;58;White;Married-civ-spouse;10th;United-States;Self-emp-not-inc;Craft-repair;<=50K
693;Male;23;White;Never-married;HS-grad;United-States;Private;Transport-moving;<=50K
694;Male;39;White;Never-married;HS-grad;United-States;Private;Handlers-cleaners;<=50K
695;Male;27;White;Never-married;Assoc-voc;United-States;Private;Craft-repair;<=50K
696;Male;54;White;Married-civ-spouse;HS-grad;United-States;Private;Transport-moving;>50K
697;Female;33;White;Never-married;Bachelors;United-States;Local-gov;Prof-specialty;<=50K
698;Female;46;White;Married-civ-spouse;HS-grad;United-States;Federal-gov;Adm-clerical;>50K
699;Male;37;Black;Never-married;HS-grad;United-States;Private;Farming-fishing;<=50K
700;Female;36;White;Never-married;HS-grad;United-States;Private;Other-service;<=50K
701;Female;59;White;Married-civ-spouse;HS-grad;United-States;Local-gov;Adm-clerical;>50K
702;Male;34;White;Divorced;HS-grad;Portugal;Local-gov;Protective-serv;<=50K
703;Male;53;White;Married-civ-spouse;Doctorate;United-States;Self-emp-inc;Exec-managerial;>50K
704;Male;51;White;Never-married;Bachelors;United-States;Private;Sales;>50K
705;Female;32;White;Separated;10th;United-States;Private;Other-service;<=50K
706;Male;31;White;Married-spouse-absent;Some-college;United-States;State-gov;Other-service;<=50K
707;Female;22;White;Married-civ-spouse;Some-college;Germany;Private;Sales;<=50K
708;Female;47;White;Divorced;Bachelors;United-States;Self-emp-not-inc;Sales;<=50K
709;Male;32;White;Never-married;HS-grad;United-States;Private;Machine-op-inspct;<=50K
710;Female;26;White;Never-married;Some-college;United-States;Private;Farming-fishing;<=50K
711;Male;37;White;Separated;5th-6th;Guatemala;Private;Farming-fishing;<=50K
712;Male;31;White;Divorced;HS-grad;United-States;Private;Craft-repair;<=50K
713;Female;37;White;Married-civ-spouse;Assoc-voc;United-States;Private;Tech-support;>50K
714;Male;55;White;Never-married;HS-grad;United-States;Private;Sales;<=50K
715;Male;23;White;Divorced;Assoc-voc;United-States;Local-gov;Tech-support;<=50K
716;Female;36;White;Divorced;Some-college;United-States;Private;Adm-clerical;<=50K
717;Male;43;White;Married-civ-spouse;Bachelors;United-States;Private;Sales;>50K
718;Male;54;White;Never-married;Some-college;United-States;Private;Tech-support;<=50K
719;Female;28;White;Never-married;Assoc-voc;United-States;Private;Machine-op-inspct;<=50K
720;Male;40;White;Married-civ-spouse;Assoc-voc;United-States;Private;Exec-managerial;>50K
721;Male;41;White;Married-civ-spouse;Some-college;United-States;Self-emp-not-inc;Exec-managerial;<=50K
722;Female;40;Other;Never-married;Bachelors;United-States;Private;Sales;>50K
723;Female;42;Black;Divorced;Some-college;United-States;Private;Adm-clerical;<=50K
724;Male;61;White;Married-civ-spouse;HS-grad;United-States;Self-emp-not-inc;Farming-fishing;<=50K
725;Male;18;White;Never-married;12th;United-States;Private;Machine-op-inspct;<=50K
726;Male;48;White;Married-civ-spouse;Assoc-voc;United-States;Private;Tech-support;>50K
727;Male;41;White;Married-civ-spouse;Bachelors;United-States;Self-emp-inc;Tech-support;<=50K
728;Female;23;White;Never-married;HS-grad;United-States;Private;Sales;<=50K
729;Male;60;White;Married-civ-spouse;HS-grad;United-States;Private;Transport-moving;>50K
730;Male;22;Black;Never-married;Some-college;United-States;Private;Other-service;<=50K
731;Male;61;White;Married-civ-spouse;HS-grad;United-States;Private;Machine-op-inspct;<=50K
732;Male;25;Black;Never-married;HS-grad;United-States;Private;Machine-op-inspct;<=50K
733;Male;46;White;Never-married;Masters;United-States;Private;Tech-support;>50K
734;Male;43;White;Married-civ-spouse;Bachelors;England;Private;Exec-managerial;>50K
735;Male;43;White;Divorced;Assoc-acdm;United-States;Private;Craft-repair;<=50K
736;Male;24;Black;Never-married;HS-grad;United-States;Private;Other-service;<=50K
737;Male;68;White;Never-married;11th;United-States;Self-emp-not-inc;Farming-fishing;<=50K
738;Female;31;White;Divorced;HS-grad;United-States;Private;Adm-clerical;<=50K
739;Female;17;White;Never-married;11th;United-States;Private;Sales;<=50K
740;Male;32;White;Married-civ-spouse;HS-grad;United-States;Private;Craft-repair;>50K
741;Male;33;White;Married-civ-spouse;Bachelors;United-States;Private;Prof-specialty;>50K
742;Male;64;White;Married-civ-spouse;Bachelors;United-States;Private;Prof-specialty;>50K
743;Male;20;White;Never-married;HS-grad;United-States;Private;Transport-moving;<=50K
744;Female;30;White;Separated;HS-grad;United-States;Private;Other-service;<=50K
745;Male;43;White;Divorced;Some-college;United-States;Private;Exec-managerial;<=50K
746;Male;22;White;Never-married;Some-college;United-States;Private;Adm-clerical;<=50K
747;Male;17;White;Never-married;10th;United-States;Private;Farming-fishing;<=50K
748;Female;47;White;Married-civ-spouse;HS-grad;Italy;Self-emp-not-inc;Other-service;<=50K
749;Female;41;White;Never-married;Assoc-voc;United-States;Private;Prof-specialty;<=50K
750;Male;56;White;Married-civ-spouse;Some-college;United-States;Private;Craft-repair;>50K
751;Male;64;White;Married-civ-spouse;HS-grad;United-States;Private;Transport-moving;<=50K
752;Male;47;White;Married-civ-spouse;HS-grad;United-States;Private;Transport-moving;>50K
753;Male;48;White;Never-married;Assoc-voc;United-States;Private;Adm-clerical;<=50K
754;Female;31;White;Never-married;Masters;United-States;Private;Prof-specialty;<=50K
755;Male;29;White;Never-married;Assoc-voc;United-States;Private;Tech-support;<=50K
756;Female;30;White;Widowed;HS-grad;United-States;Private;Adm-clerical;<=50K
757;Male;32;White;Married-civ-spouse;HS-grad;United-States;Private;Exec-managerial;<=50K
758;Male;57;White;Widowed;HS-grad;United-States;Private;Transport-moving;>50K
759;Female;62;White;Widowed;HS-grad;United-States;Private;Other-service;<=50K
760;Female;39;White;Separated;HS-grad;United-States;Private;Machine-op-inspct;<=50K
761;Male;43;White;Never-married;Some-college;United-States;Private;Adm-clerical;<=50K
762;Male;24;White;Never-married;Bachelors;United-States;Self-emp-inc;Sales;<=50K
763;Female;53;White;Married-civ-spouse;Some-college;United-States;Private;Adm-clerical;>50K
764;Male;26;White;Never-married;Some-college;United-States;Private;Handlers-cleaners;<=50K
765;Male;73;White;Married-civ-spouse;HS-grad;United-States;Self-emp-not-inc;Exec-managerial;<=50K
766;Male;55;White;Married-civ-spouse;HS-grad;United-States;Private;Machine-op-inspct;<=50K
767;Male;25;White;Divorced;HS-grad;United-States;Private;Adm-clerical;<=50K
768;Female;41;White;Divorced;Bachelors;United-States;Private;Prof-specialty;>50K
769;Male;24;White;Never-married;Bachelors;United-States;Private;Exec-managerial;<=50K
770;Male;63;White;Widowed;HS-grad;United-States;Private;Farming-fishing;<=50K
771;Male;17;White;Never-married;11th;United-States;Private;Sales;<=50K
772;Male;35;White;Married-civ-spouse;Some-college;United-States;Private;Craft-repair;<=50K
773;Male;51;White;Married-civ-spouse;Some-college;United-States;Private;Prof-specialty;>50K
774;Female;62;White;Widowed;Bachelors;United-States;Local-gov;Prof-specialty;<=50K
775;Male;55;White;Married-civ-spouse;HS-grad;United-States;Private;Craft-repair;>50K
776;Male;43;White;Divorced;Some-college;United-States;Private;Prof-specialty;<=50K
777;Female;40;White;Divorced;HS-grad;United-States;Local-gov;Other-service;<=50K
778;Male;37;White;Married-civ-spouse;Bachelors;United-States;Private;Exec-managerial;>50K
779;Male;39;White;Married-civ-spouse;Bachelors;United-States;Private;Craft-repair;<=50K
780;Male;31;White;Never-married;HS-grad;United-States;Private;Craft-repair;<=50K
781;Female;61;White;Widowed;Masters;United-States;Private;Prof-specialty;>50K
782;Female;26;White;Divorced;Assoc-voc;United-States;Private;Adm-clerical;<=50K
783;Male;46;White;Married-civ-spouse;HS-grad;United-States;Self-emp-not-inc;Sales;<=50K
784;Female;26;White;Never-married;Bachelors;United-States;Private;Prof-specialty;<=50K
785;Male;48;White;Divorced;Doctorate;United-States;State-gov;Prof-specialty;>50K
786;Male;34;White;Never-married;HS-grad;United-States;Private;Transport-moving;<=50K
787;Female;34;White;Never-married;HS-grad;United-States;Local-gov;Adm-clerical;<=50K
788;Male;59;White;Married-civ-spouse;HS-grad;United-States;Private;Other-service;>50K
789;Female;34;White;Never-married;Bachelors;United-States;Private;Prof-specialty;<=50K
790;Female;49;White;Never-married;Bachelors;United-States;Private;Exec-managerial;>50K
791;Female;18;White;Never-married;11th;United-States;Private;Adm-clerical;<=50K
792;Male;43;White;Married-civ-spouse;HS-grad;Mexico;Private;Farming-fishing;<=50K
793;Male;48;White;Married-civ-spouse;11th;United-States;Private;Exec-managerial;<=50K
794;Male;28;White;Married-civ-spouse;Some-college;United-States;Self-emp-inc;Exec-managerial;<=50K
795;Male;33;White;Married-civ-spouse;HS-grad;United-States;Private;Machine-op-inspct;<=50K
796;Female;24;White;Never-married;Some-college;United-States;Private;Sales;<=50K
797;Male;21;White;Never-married;10th;United-States;Private;Handlers-cleaners;<=50K
798;Male;17;White;Never-married;11th;United-States;Private;Sales;<=50K
799;Male;39;White;Married-civ-spouse;Some-college;United-States;Private;Farming-fishing;>50K
800;Male;29;White;Separated;Bachelors;United-States;Self-emp-not-inc;Prof-specialty;<=50K
801;Male;44;White;Married-civ-spouse;Bachelors;United-States;Private;Exec-managerial;>50K
802;Male;24;White;Never-married;Some-college;United-States;Private;Transport-moving;<=50K
803;Male;71;White;Married-civ-spouse;Masters;United-States;Self-emp-not-inc;Sales;>50K
804;Male;51;Asian-Pac-Islander;Married-civ-spouse;Bachelors;China;Self-emp-not-inc;Sales;>50K
805;Male;55;Black;Divorced;5th-6th;United-States;Private;Other-service;<=50K
806;Male;41;White;Married-civ-spouse;Bachelors;United-States;Private;Exec-managerial;>50K
807;Female;23;Black;Never-married;HS-grad;United-States;Private;Handlers-cleaners;<=50K
808;Female;38;White;Divorced;Assoc-voc;United-States;Private;Adm-clerical;<=50K
809;Male;39;White;Married-civ-spouse;HS-grad;United-States;Private;Transport-moving;>50K
810;Female;19;White;Never-married;HS-grad;United-States;Private;Adm-clerical;<=50K
811;Female;49;White;Divorced;9th;United-States;Private;Machine-op-inspct;<=50K
812;Male;32;White;Married-civ-spouse;Bachelors;Philippines;Private;Adm-clerical;>50K
813;Male;27;White;Married-civ-spouse;HS-grad;United-States;Private;Craft-repair;<=50K
814;Male;38;White;Married-civ-spouse;Bachelors;United-States;Private;Sales;>50K
815;Female;33;White;Married-civ-spouse;Some-college;United-States;Private;Craft-repair;<=50K
816;Male;23;White;Never-married;Bachelors;United-States;Private;Exec-managerial;<=50K
817;Male;54;Black;Married-civ-spouse;HS-grad;United-States;Self-emp-not-inc;Sales;<=50K
818;Female;29;White;Divorced;Assoc-voc;United-States;Private;Tech-support;<=50K
819;Male;35;White;Never-married;Bachelors;United-States;Self-emp-not-inc;Exec-managerial;<=50K
820;Female;28;Asian-Pac-Islander;Married-civ-spouse;Assoc-voc;India;Private;Adm-clerical;<=50K
821;Male;37;White;Married-civ-spouse;Bachelors;United-States;Private;Prof-specialty;>50K
822;Male;42;White;Married-civ-spouse;Prof-school;United-States;Self-emp-not-inc;Farming-fishing;>50K
823;Male;40;White;Married-civ-spouse;Masters;United-States;Private;Prof-specialty;<=50K
824;Male;47;White;Divorced;Some-college;United-States;Private;Sales;<=50K
825;Female;22;White;Never-married;Bachelors;United-States;Private;Exec-managerial;<=50K
826;Male;30;White;Married-civ-spouse;Bachelors;United-States;Private;Exec-managerial;>50K
827;Male;28;White;Married-civ-spouse;HS-grad;United-States;Private;Tech-support;<=50K
828;Male;63;White;Married-civ-spouse;7th-8th;United-States;Local-gov;Other-service;<=50K
829;Male;51;White;Married-civ-spouse;9th;United-States;Self-emp-not-inc;Craft-repair;<=50K
830;Female;22;White;Never-married;HS-grad;United-States;Private;Handlers-cleaners;<=50K
831;Male;35;White;Never-married;HS-grad;United-States;Private;Sales;<=50K
832;Female;46;White;Divorced;HS-grad;United-States;Private;Machine-op-inspct;<=50K
833;Male;37;White;Divorced;Some-college;United-States;Private;Machine-op-inspct;<=50K
834;Male;24;Black;Never-married;Bachelors;United-States;Private;Prof-specialty;<=50K
835;Male;37;White;Divorced;HS-grad;United-States;Self-emp-not-inc;Handlers-cleaners;<=50K
836;Male;53;White;Married-civ-spouse;Some-college;United-States;Private;Tech-support;<=50K
837;Male;27;White;Never-married;HS-grad;United-States;Private;Sales;<=50K
838;Male;38;White;Divorced;Some-college;United-States;Private;Craft-repair;<=50K
839;Male;53;White;Married-civ-spouse;10th;United-States;Self-emp-not-inc;Farming-fishing;<=50K
840;Male;34;White;Never-married;Some-college;United-States;Private;Craft-repair;<=50K
841;Male;23;Black;Never-married;HS-grad;United-States;Private;Sales;<=50K
842;Male;39;White;Married-civ-spouse;Bachelors;United-States;Private;Exec-managerial;>50K
843;Female;43;Asian-Pac-Islander;Married-civ-spouse;Masters;South;Private;Prof-specialty;<=50K
844;Male;67;Asian-Pac-Islander;Married-civ-spouse;HS-grad;United-States;Self-emp-inc;Exec-managerial;>50K
845;Male;81;White;Married-civ-spouse;HS-grad;United-States;Self-emp-not-inc;Exec-managerial;<=50K
846;Male;21;White;Never-married;Some-college;United-States;Private;Other-service;<=50K
847;Male;23;White;Never-married;Some-college;United-States;Private;Sales;<=50K
848;Male;25;White;Never-married;Some-college;United-States;Private;Transport-moving;<=50K
849;Female;42;White;Married-civ-spouse;5th-6th;Mexico;Private;Machine-op-inspct;<=50K
850;Female;38;Black;Married-civ-spouse;Some-college;United-States;Private;Adm-clerical;<=50K
851;Male;32;White;Married-civ-spouse;HS-grad;United-States;Private;Machine-op-inspct;<=50K
852;Male;37;White;Married-civ-spouse;HS-grad;United-States;Private;Machine-op-inspct;<=50K
853;Male;51;White;Married-civ-spouse;Masters;United-States;Private;Exec-managerial;>50K
854;Female;22;White;Never-married;Some-college;United-States;Private;Sales;<=50K
855;Female;33;White;Married-spouse-absent;1st-4th;Guatemala;Private;Priv-house-serv;<=50K
856;Male;42;White;Divorced;HS-grad;United-States;Private;Machine-op-inspct;<=50K
857;Male;51;White;Married-civ-spouse;Preschool;United-States;Local-gov;Other-service;<=50K
858;Female;23;White;Married-civ-spouse;HS-grad;Mexico;Private;Adm-clerical;<=50K
859;Male;37;White;Married-civ-spouse;11th;United-States;Private;Machine-op-inspct;>50K
860;Male;37;White;Married-civ-spouse;HS-grad;United-States;Private;Craft-repair;>50K
861;Female;47;White;Never-married;Masters;United-States;Private;Prof-specialty;<=50K
862;Male;41;White;Married-civ-spouse;Prof-school;United-States;Private;Prof-specialty;>50K
863;Male;33;White;Married-civ-spouse;HS-grad;United-States;Private;Craft-repair;<=50K
864;Male;31;White;Never-married;Bachelors;United-States;Private;Sales;>50K
865;Female;31;Amer-Indian-Eskimo;Divorced;Assoc-acdm;United-States;Private;Other-service;<=50K
866;Male;35;Black;Married-civ-spouse;HS-grad;United-States;Private;Machine-op-inspct;<=50K
867;Male;38;White;Married-civ-spouse;HS-grad;United-States;Self-emp-inc;Exec-managerial;>50K
868;Female;18;White;Never-married;HS-grad;United-States;Private;Other-service;<=50K
869;Male;20;White;Married-civ-spouse;HS-grad;United-States;Private;Machine-op-inspct;<=50K
870;Female;54;Black;Divorced;Some-college;United-States;Local-gov;Exec-managerial;<=50K
871;Female;40;White;Divorced;Some-college;United-States;Private;Adm-clerical;<=50K
872;Female;36;White;Married-civ-spouse;Bachelors;United-States;Self-emp-inc;Exec-managerial;>50K
873;Male;43;White;Divorced;Some-college;United-States;Private;Craft-repair;<=50K
874;Male;44;White;Divorced;Some-college;United-States;Self-emp-not-inc;Farming-fishing;<=50K
875;Female;44;White;Married-civ-spouse;HS-grad;United-States;State-gov;Prof-specialty;>50K
876;Male;43;White;Married-civ-spouse;Masters;United-States;Private;Exec-managerial;>50K
877;Female;51;Black;Widowed;7th-8th;United-States;Private;Other-service;<=50K
878;Female;18;White;Never-married;HS-grad;United-States;Private;Other-service;<=50K
879;Male;51;White;Married-civ-spouse;Some-college;United-States;Private;Exec-managerial;<=50K
880;Male;44;White;Married-civ-spouse;Some-college;United-States;Self-emp-inc;Sales;>50K
881;Male;33;White;Divorced;10th;United-States;Local-gov;Transport-moving;<=50K
882;Male;33;White;Married-civ-spouse;Bachelors;United-States;Self-emp-not-inc;Exec-managerial;>50K
883;Male;42;White;Married-civ-spouse;Assoc-acdm;United-States;Private;Exec-managerial;>50K
884;Male;25;White;Married-civ-spouse;Some-college;United-States;Private;Prof-specialty;<=50K
885;Female;32;White;Divorced;HS-grad;United-States;Private;Machine-op-inspct;<=50K
886;Male;32;White;Married-civ-spouse;Bachelors;Mexico;Private;Craft-repair;<=50K
887;Female;36;White;Divorced;10th;United-States;Private;Exec-managerial;<=50K
888;Male;28;White;Married-civ-spouse;HS-grad;United-States;Private;Transport-moving;<=50K
889;Female;20;White;Never-married;HS-grad;United-States;Private;Other-service;<=50K
890;Male;35;White;Married-civ-spouse;Some-college;United-States;Self-emp-inc;Sales;>50K
891;Male;55;White;Married-civ-spouse;HS-grad;United-States;Self-emp-not-inc;Craft-repair;<=50K
892;Male;48;Asian-Pac-Islander;Married-civ-spouse;Bachelors;India;Private;Exec-managerial;>50K
893;Male;34;White;Married-civ-spouse;HS-grad;United-States;Private;Craft-repair;>50K
894;Female;28;White;Never-married;Bachelors;United-States;Private;Tech-support;<=50K
895;Male;67;White;Widowed;Bachelors;United-States;Private;Exec-managerial;>50K
896;Male;37;White;Married-civ-spouse;HS-grad;United-States;Private;Craft-repair;<=50K
897;Male;44;White;Never-married;HS-grad;United-States;Private;Transport-moving;<=50K
898;Female;25;White;Never-married;Some-college;United-States;Private;Sales;<=50K
899;Female;21;White;Never-married;Some-college;United-States;Private;Exec-managerial;<=50K
900;Male;40;White;Married-civ-spouse;Masters;United-States;State-gov;Prof-specialty;>50K
901;Female;78;Black;Widowed;HS-grad;United-States;Private;Other-service;<=50K
902;Male;34;White;Divorced;HS-grad;United-States;Private;Handlers-cleaners;<=50K
903;Female;49;White;Never-married;HS-grad;United-States;Private;Adm-clerical;<=50K
904;Female;22;White;Never-married;Assoc-acdm;United-States;Private;Adm-clerical;<=50K
905;Male;60;White;Never-married;HS-grad;United-States;Self-emp-not-inc;Farming-fishing;<=50K
906;Male;45;White;Widowed;HS-grad;United-States;Local-gov;Protective-serv;>50K
907;Female;63;White;Divorced;Assoc-voc;United-States;Private;Other-service;<=50K
908;Female;41;Black;Never-married;HS-grad;United-States;Private;Craft-repair;<=50K
909;Female;47;White;Divorced;HS-grad;United-States;Private;Adm-clerical;<=50K
910;Male;44;White;Divorced;HS-grad;United-States;Private;Craft-repair;<=50K
911;Female;51;White;Widowed;Some-college;United-States;Private;Prof-specialty;<=50K
912;Male;46;White;Never-married;Bachelors;United-States;Private;Sales;<=50K
913;Male;41;White;Married-civ-spouse;Assoc-voc;United-States;Private;Machine-op-inspct;<=50K
914;Male;50;White;Married-civ-spouse;HS-grad;United-States;Self-emp-not-inc;Craft-repair;<=50K
915;Male;47;White;Married-civ-spouse;HS-grad;United-States;Private;Adm-clerical;>50K
916;Male;35;White;Never-married;HS-grad;United-States;Private;Exec-managerial;<=50K
917;Male;56;White;Married-civ-spouse;HS-grad;United-States;Private;Exec-managerial;>50K
918;Male;45;White;Divorced;Masters;United-States;Private;Prof-specialty;<=50K
919;Male;48;White;Divorced;Bachelors;United-States;Federal-gov;Exec-managerial;>50K
920;Male;40;White;Married-civ-spouse;Some-college;United-States;Private;Machine-op-inspct;<=50K
921;Male;39;White;Married-civ-spouse;Bachelors;United-States;Self-emp-inc;Exec-managerial;>50K
922;Male;20;White;Never-married;Some-college;United-States;Private;Other-service;<=50K
923;Male;50;White;Married-civ-spouse;Doctorate;United-States;Private;Prof-specialty;>50K
924;Female;38;White;Married-civ-spouse;HS-grad;United-States;State-gov;Prof-specialty;>50K
925;Female;23;White;Never-married;Bachelors;United-States;Local-gov;Prof-specialty;<=50K
926;Male;31;White;Never-married;HS-grad;United-States;Private;Other-service;<=50K
927;Male;58;White;Married-civ-spouse;Bachelors;United-States;Private;Adm-clerical;<=50K
928;Male;66;Black;Separated;HS-grad;United-States;Private;Machine-op-inspct;<=50K
929;Male;39;White;Married-civ-spouse;HS-grad;United-States;Self-emp-inc;Exec-managerial;>50K
930;Male;54;White;Married-civ-spouse;HS-grad;United-States;Self-emp-not-inc;Craft-repair;>50K
931;Male;26;White;Married-civ-spouse;Some-college;Germany;Private;Sales;<=50K
932;Female;51;White;Divorced;HS-grad;United-States;Private;Machine-op-inspct;<=50K
933;Male;34;White;Never-married;Assoc-voc;United-States;Private;Transport-moving;<=50K
934;Male;50;White;Married-civ-spouse;HS-grad;United-States;Private;Machine-op-inspct;>50K
935;Male;42;White;Married-civ-spouse;Some-college;United-States;Private;Prof-specialty;>50K
936;Male;38;White;Married-civ-spouse;Masters;United-States;Private;Prof-specialty;<=50K
937;Male;48;White;Married-civ-spouse;7th-8th;United-States;Private;Handlers-cleaners;<=50K
938;Female;33;White;Married-civ-spouse;Assoc-voc;United-States;Private;Tech-support;>50K
939;Female;51;White;Widowed;HS-grad;United-States;Private;Other-service;<=50K
940;Male;22;White;Divorced;HS-grad;United-States;Private;Craft-repair;<=50K
941;Male;41;White;Never-married;Some-college;Japan;Private;Craft-repair;<=50K
942;Male;48;White;Married-civ-spouse;Masters;United-States;Local-gov;Prof-specialty;>50K
943;Female;42;White;Separated;HS-grad;United-States;Private;Sales;<=50K
944;Male;34;White;Married-civ-spouse;Some-college;United-States;Private;Other-service;<=50K
945;Female;23;Black;Never-married;HS-grad;United-States;Private;Machine-op-inspct;<=50K
946;Male;56;White;Married-civ-spouse;HS-grad;Yugoslavia;Private;Other-service;<=50K
947;Male;45;White;Married-civ-spouse;HS-grad;United-States;Private;Exec-managerial;>50K
948;Female;48;White;Married-civ-spouse;10th;United-States;Private;Adm-clerical;<=50K
949;Male;48;Asian-Pac-Islander;Married-spouse-absent;Masters;India;Self-emp-inc;Sales;<=50K
950;Female;31;White;Never-married;Assoc-voc;United-States;Private;Adm-clerical;<=50K
951;Male;20;White;Never-married;Assoc-acdm;United-States;State-gov;Other-service;<=50K
952;Male;27;White;Never-married;Some-college;United-States;Private;Sales;<=50K
953;Female;32;Black;Never-married;HS-grad;United-States;Private;Other-service;<=50K
954;Male;37;White;Never-married;HS-grad;United-States;Private;Other-service;<=50K
955;Female;34;Black;Divorced;HS-grad;United-States;Private;Priv-house-serv;<=50K
956;Female;90;White;Never-married;HS-grad;United-States;Private;Other-service;<=50K
957;Female;23;Black;Never-married;Some-college;United-States;Private;Machine-op-inspct;<=50K
958;Female;43;White;Divorced;Some-college;United-States;Private;Adm-clerical;<=50K
959;Male;44;White;Married-civ-spouse;Bachelors;United-States;Private;Exec-managerial;>50K
960;Female;24;White;Never-married;Some-college;United-States;Private;Tech-support;<=50K
961;Male;28;White;Divorced;Prof-school;United-States;Private;Prof-specialty;<=50K
962;Male;23;White;Married-civ-spouse;Some-college;United-States;Private;Other-service;<=50K
963;Female;20;White;Never-married;Some-college;United-States;Private;Sales;<=50K
964;Male;36;White;Married-civ-spouse;Bachelors;United-States;Private;Prof-specialty;>50K
965;Male;61;White;Married-civ-spouse;HS-grad;United-States;Private;Machine-op-inspct;<=50K
966;Male;53;White;Married-civ-spouse;Bachelors;Canada;Self-emp-not-inc;Sales;>50K
967;Male;30;White;Married-civ-spouse;Bachelors;United-States;Private;Adm-clerical;>50K
968;Male;52;White;Married-civ-spouse;Some-college;United-States;Self-emp-not-inc;Sales;>50K
969;Male;38;White;Divorced;Some-college;Iran;Private;Craft-repair;<=50K
970;Male;32;White;Married-civ-spouse;Bachelors;United-States;Private;Sales;<=50K
971;Male;30;White;Married-civ-spouse;12th;United-States;Self-emp-not-inc;Transport-moving;<=50K
972;Female;41;White;Divorced;Assoc-voc;United-States;Private;Craft-repair;<=50K
973;Male;49;White;Married-civ-spouse;Masters;United-States;Local-gov;Prof-specialty;>50K
974;Male;45;White;Married-civ-spouse;HS-grad;United-States;Private;Craft-repair;>50K
975;Male;43;White;Married-civ-spouse;HS-grad;United-States;Self-emp-not-inc;Exec-managerial;<=50K
976;Male;61;White;Married-civ-spouse;HS-grad;United-States;Private;Machine-op-inspct;<=50K
977;Male;54;White;Married-civ-spouse;HS-grad;Mexico;Private;Other-service;<=50K
978;Female;34;White;Separated;Assoc-acdm;United-States;Private;Other-service;<=50K
979;Male;49;White;Married-civ-spouse;Some-college;United-States;Private;Sales;>50K
980;Male;38;White;Never-married;Some-college;United-States;Private;Other-service;<=50K
981;Male;35;White;Married-civ-spouse;Prof-school;United-States;Private;Prof-specialty;>50K
982;Male;36;White;Married-civ-spouse;12th;United-States;Private;Transport-moving;<=50K
983;Male;30;White;Married-civ-spouse;Bachelors;United-States;Private;Exec-managerial;<=50K
984;Female;36;White;Divorced;Assoc-acdm;United-States;Private;Tech-support;<=50K
985;Female;22;White;Never-married;Bachelors;United-States;Local-gov;Prof-specialty;<=50K
986;Male;38;White;Married-civ-spouse;HS-grad;United-States;Private;Craft-repair;>50K
987;Male;37;White;Married-civ-spouse;HS-grad;United-States;Private;Craft-repair;>50K
988;Female;48;White;Married-civ-spouse;Doctorate;United-States;State-gov;Prof-specialty;>50K
989;Male;17;White;Never-married;11th;United-States;Private;Adm-clerical;<=50K
990;Male;19;White;Never-married;Some-college;United-States;Self-emp-not-inc;Craft-repair;<=50K
991;Female;27;Black;Never-married;Bachelors;United-States;Private;Sales;<=50K
992;Male;22;Asian-Pac-Islander;Never-married;Bachelors;Taiwan;Private;Sales;<=50K
993;Male;49;White;Married-civ-spouse;HS-grad;United-States;Private;Craft-repair;<=50K
994;Female;43;White;Married-civ-spouse;Assoc-voc;United-States;State-gov;Prof-specialty;>50K
995;Female;43;White;Separated;Bachelors;United-States;Private;Prof-specialty;<=50K
996;Female;19;White;Divorced;HS-grad;United-States;Local-gov;Exec-managerial;<=50K
997;Male;58;White;Married-civ-spouse;HS-grad;United-States;Self-emp-not-inc;Farming-fishing;<=50K
998;Male;41;White;Married-civ-spouse;Some-college;United-States;Local-gov;Protective-serv;>50K
999;Male;31;White;Married-civ-spouse;Some-college;United-States;Private;Adm-clerical;<=50K
